Broad ID	DrugBank ID
BRD-K76022557	DB00714
BRD-K75516118	DB04149
BRD-K65856711	DB03606
BRD-K89665618	DB03955
BRD-K35114608	DB03381
BRD-K09338665	DB12452
BRD-K22346679	DB01955
BRD-K63784565	DB12385
BRD-K30237152	DB02044
BRD-K70264088	DB06789
BRD-A53037300	DB04483
BRD-K25649279	DB08190
BRD-A04661934	DB15676
BRD-K97833335	DB11831
BRD-K21910317	DB04528
BRD-K00004218	DB15676
BRD-A43598550	DB02854
BRD-K24689407	DB01997
BRD-K43187796	DB02740
BRD-K37846922	DB11875
BRD-K65544384	DB00345
BRD-K97118047	DB04462
BRD-K11773281	DB13101
BRD-K24844714	DB00544
BRD-K60287130	DB01931
BRD-K00004289	DB15676
BRD-K04430056	DB02207
BRD-K09291936	DB12515
BRD-K59060513	DB06985
BRD-K78177893	DB08568
BRD-A30000356	DB15676
BRD-K72226571	DB15676
BRD-K65498798	DB11932
BRD-K00003158	DB00106
BRD-K01825984	DB15676
BRD-K33622447	DB12001
BRD-K50071428	DB05812
BRD-K91623615	DB12254
BRD-K64034691	DB11703
BRD-K26262077	DB00659
BRD-K68538666	DB06736
BRD-K67563174	DB13783
BRD-K36262466	DB04265
BRD-K37814297	DB01614
BRD-K43457670	DB00819
BRD-K52960356	DB00414
BRD-K21615095	DB00551
BRD-K42938903	DB01063
BRD-A44696962	DB15676
BRD-K82381502	DB03128
BRD-K59058747	DB06151
BRD-K63736853	DB09055
BRD-K62012036	DB00459
BRD-K74363950	DB08897
BRD-K50163129	DB09488
BRD-K82928847	DB12376
BRD-K33127281	DB00210
BRD-A73427433	DB02007
BRD-K26060080	DB00173
BRD-K01577834	DB00640
BRD-K85767870	DB00131
BRD-K00003709	DB00171
BRD-K40718343	DB12558
BRD-K66175015	DB08916
BRD-K04210847	DB04468
BRD-K49738308	DB08838
BRD-K84698278	DB06594
BRD-K79131256	DB00518
BRD-K55991142	DB06766
BRD-K47492008	DB13167
BRD-A17407635	DB15676
BRD-A84907376	DB15676
BRD-K11267252	DB11363
BRD-K49522529	DB01436
BRD-K75295174	DB05220
BRD-K30020243	DB09026
BRD-K12872829	DB01431
BRD-K82677201	DB01430
BRD-K67601717	DB00918
BRD-K83003151	DB06203
BRD-K46742498	DB00969
BRD-K54997624	DB12015
BRD-K33396764	DB00132
BRD-K35498378	DB02020
BRD-K89055274	DB01616
BRD-K07857022	DB06274
BRD-K87909389	DB03496
BRD-K70330367	DB00915
BRD-K11292736	DB01122
BRD-K41185545	DB06403
BRD-K56558538	DB06742
BRD-K42948882	DB05501
BRD-K32285926	DB08079
BRD-K97452254	DB15676
BRD-K24610819	DB05395
BRD-K97181089	DB00594
BRD-K64931368	DB00513
BRD-K25114078	DB05383
BRD-K97799481	DB00277
BRD-K87544030	DB08878
BRD-K80267133	DB00233
BRD-K17561142	DB01118
BRD-K33335792	DB11373
BRD-K53737926	DB00321
BRD-K29530284	DB01025
BRD-K56334280	DB05022
BRD-K02265150	DB00543
BRD-K52397688	DB08927
BRD-K45924332	DB01427
BRD-K13843533	DB06263
BRD-K68346641	DB00276
BRD-K66538826	DB12742
BRD-K05355328	DB12417
BRD-K52172416	DB01217
BRD-K82164249	DB07423
BRD-K89282837	DB05767
BRD-K88611939	DB04599
BRD-K47458712	DB01125
BRD-A29623586	DB15676
BRD-K91370081	DB07374
BRD-K36949735	DB11885
BRD-K99300445	DB08799
BRD-K07449869	DB13111
BRD-K86226872	DB12084
BRD-K01493881	DB07352
BRD-K67121414	DB06605
BRD-K64990520	DB12618
BRD-K38911213	DB00964
BRD-K06883221	DB13020
BRD-K93208532	DB05676
BRD-K53236343	DB01429
BRD-K17511755	DB07382
BRD-K13167095	DB12707
BRD-K67860401	DB01950
BRD-K03070961	DB04557
BRD-K08037784	DB11217
BRD-K88646909	DB04365
BRD-A48261811	DB00278
BRD-K70358946	DB01238
BRD-K46386702	DB05944
BRD-K24179883	DB03006
BRD-K32786395	DB01169
BRD-K39621635	DB06697
BRD-K13112821	DB13132
BRD-K49223707	DB05343
BRD-K63915849	DB07503
BRD-A85242401	DB15676
BRD-K00003477	DB05104
BRD-K06542892	DB12729
BRD-K11433652	DB00945
BRD-K37249724	DB00637
BRD-K36269323	DB01686
BRD-K13390322	DB08142
BRD-K12040459	DB07859
BRD-K94830329	DB05016
BRD-A20239487	DB06987
BRD-K20141153	DB00289
BRD-K69726342	DB01076
BRD-A85261566	DB15676
BRD-K16295392	DB06199
BRD-K01825666	DB15676
BRD-K00004526	DB15676
BRD-A94640958	DB15676
BRD-K83720053	DB11893
BRD-K65781196	DB06237
BRD-K68544925	DB11995
BRD-K87782578	DB11764
BRD-K29905972	DB06626
BRD-K03406345	DB00928
BRD-K77821588	DB00719
BRD-K32821942	DB00993
BRD-K65928735	DB12588
BRD-K83186168	DB11946
BRD-K99113996	DB11925
BRD-K00004606	DB12368
BRD-K73984371	DB15676
BRD-K72369578	DB00145
BRD-K28392481	DB12247
BRD-K99023089	DB12218
BRD-A94033181	DB11889
BRD-K52836380	DB07403
BRD-K31495718	DB14949
BRD-K86525559	DB12242
BRD-K69932463	DB12774
BRD-K37687095	DB06061
BRD-K98572433	DB12183
BRD-K08976401	DB00548
BRD-K51899933	DB12689
BRD-K38913877	DB04957
BRD-K68770713	DB08961
BRD-K14079729	DB15676
BRD-K82196541	DB11851
BRD-K72327355	DB15676
BRD-K49962337	DB15676
BRD-K27204852	DB12239
BRD-K00003656	DB01014
BRD-K07442505	DB15676
BRD-K00003159	DB04975
BRD-K31928526	DB11747
BRD-K20545304	DB12651
BRD-K53581288	DB11817
BRD-K62387885	DB11833
BRD-K82818427	DB03880
BRD-K79595931	DB12299
BRD-K90195324	DB06401
BRD-A73385064	DB15676
BRD-K97810537	DB00394
BRD-K58319700	DB12263
BRD-K17743125	DB05015
BRD-K00004211	DB15676
BRD-K63177377	DB11936
BRD-K49807096	DB00542
BRD-K05319475	DB11748
BRD-K79425933	DB12867
BRD-K58794715	DB00522
BRD-K11717138	DB12319
BRD-K72723676	DB11125
BRD-K75466013	DB01086
BRD-K53397409	DB03793
BRD-K91699951	DB00868
BRD-K68804560	DB00245
BRD-K52072429	DB00676
BRD-K14796088	DB04115
BRD-K28061410	DB11948
BRD-K91315211	DB06698
BRD-K39188321	DB00443
BRD-K20075662	DB00272
BRD-K45275534	DB12364
BRD-K45401373	DB12480
BRD-K92441787	DB00307
BRD-K46018455	DB01393
BRD-K95603879	DB04638
BRD-K37492701	DB15676
BRD-K43927145	DB04869
BRD-K70914287	DB12966
BRD-A29485665	DB01128
BRD-K84363966	DB11562
BRD-K51967704	DB12359
BRD-K00003616	DB00905
BRD-K00004300	DB15676
BRD-K36467523	DB12739
BRD-K82244583	DB11967
BRD-K89210380	DB00121
BRD-K71221037	DB11782
BRD-K41494493	DB06973
BRD-K39120595	DB04813
BRD-K13756951	DB12426
BRD-K20290250	DB15676
BRD-K73368362	DB15676
BRD-A75817871	DB01944
BRD-K25943794	DB09223
BRD-K07106112	DB12318
BRD-K76239644	DB11665
BRD-K40738845	DB12064
BRD-K88510285	DB00188
BRD-K74763371	DB00559
BRD-K99964838	DB06616
BRD-K00003554	DB12054
BRD-A40257118	DB15676
BRD-K77841042	DB07348
BRD-K06328344	DB15676
BRD-K96123349	DB03523
BRD-K49669424	DB01158
BRD-K00911143	DB09128
BRD-K05531427	DB12004
BRD-K56981171	DB12267
BRD-K68264559	DB00484
BRD-K74913225	DB01194
BRD-K28428262	DB11958
BRD-K57187269	DB11865
BRD-K47679368	DB00963
BRD-K14496212	DB01200
BRD-K73642618	DB09018
BRD-K78643075	DB12401
BRD-K01825159	DB00405
BRD-K36660044	DB13346
BRD-K38197229	DB00887
BRD-K35034482	DB12230
BRD-K42191735	DB11666
BRD-K00003636	DB01002
BRD-K93461745	DB00490
BRD-K71350836	DB00241
BRD-K90630139	DB01091
BRD-K10384176	DB06772
BRD-K86882815	DB00248
BRD-K51544265	DB08875
BRD-K09900591	DB01880
BRD-K02404261	DB00201
BRD-K77175907	DB00146
BRD-K56429665	DB02300
BRD-K27316855	DB00136
BRD-K23248433	DB12567
BRD-K37890730	DB04690
BRD-K90868879	DB08907
BRD-K84091759	DB13919
BRD-K50168500	DB05424
BRD-K81644801	DB12221
BRD-K61192372	DB01101
BRD-K50590187	DB06774
BRD-K54529596	DB01197
BRD-K71799949	DB00564
BRD-K12906202	DB13009
BRD-K12765235	DB02329
BRD-K06181161	DB11186
BRD-K56107812	DB15676
BRD-K78712176	DB00190
BRD-K87156652	DB00389
BRD-K68408772	DB11960
BRD-K15179879	DB08889
BRD-K60240222	DB06775
BRD-K57764956	DB06016
BRD-K11630072	DB09010
BRD-K92129045	DB09254
BRD-K20897876	DB01816
BRD-K41779183	DB12499
BRD-K16755045	DB12740
BRD-K88737571	DB12570
BRD-K00004320	DB12432
BRD-K43914553	DB15676
BRD-K48141473	DB12830
BRD-K86930074	DB04849
BRD-K99750640	DB01327
BRD-K15766189	DB00535
BRD-K02637541	DB00482
BRD-K72827473	DB13060
BRD-K22149900	DB09063
BRD-K00003320	DB00403
BRD-K94863486	DB06586
BRD-K76315403	DB00050
BRD-K00003570	DB12533
BRD-K52396582	DB12885
BRD-K79584249	DB15676
BRD-K34321528	DB15676
BRD-K11683436	DB12903
BRD-K22314899	DB15676
BRD-K28352084	DB13051
BRD-K18135438	DB06777
BRD-K08111712	DB00446
BRD-K47114202	DB12029
BRD-K86864073	DB01161
BRD-K83257731	DB08800
BRD-K88682005	DB00880
BRD-K27062708	DB00269
BRD-K17075857	DB01243
BRD-K25494650	DB12314
BRD-K89997465	DB00477
BRD-K97746869	DB00672
BRD-A26384407	DB08046
BRD-K98174813	DB00356
BRD-K62779383	DB00169
BRD-K19338361	DB04540
BRD-K43164539	DB02659
BRD-K77300776	DB00122
BRD-K35245662	DB01410
BRD-K13044802	DB01188
BRD-A08840375	DB15676
BRD-K85518562	DB01597
BRD-K96177243	DB01340
BRD-K57252450	DB11890
BRD-K00003550	DB03849
BRD-K67017579	DB01166
BRD-K34157611	DB00501
BRD-A99899486	DB15676
BRD-K73838513	DB01012
BRD-K53720352	DB00587
BRD-K99121711	DB00527
BRD-K54142781	DB09202
BRD-K52670952	DB01971
BRD-K06895174	DB00604
BRD-A47598013	DB01175
BRD-K81572616	DB08235
BRD-K34303607	DB03693
BRD-K93034159	DB00242
BRD-K49668410	DB15676
BRD-K30240666	DB00283
BRD-A90625545	DB15676
BRD-K09255212	DB04815
BRD-K10799896	DB01013
BRD-K72542090	DB00720
BRD-K34022604	DB00631
BRD-K45252063	DB00636
BRD-K50422030	DB06470
BRD-K52989797	DB01242
BRD-K98530306	DB00575
BRD-K18399440	DB09218
BRD-K27721098	DB00758
BRD-K73251053	DB04017
BRD-K15916496	DB00257
BRD-K51040301	DB09065
BRD-K03390685	DB05239
BRD-A67956599	DB01992
BRD-K01825730	DB00157
BRD-A55416093	DB02587
BRD-K37385792	DB00872
BRD-K24666289	DB12483
BRD-K73589401	DB04652
BRD-K86161929	DB01380
BRD-K23913458	DB04665
BRD-K00004233	DB15676
BRD-K76908866	DB12302
BRD-K09090949	DB11745
BRD-K11073688	DB12311
BRD-K40331046	DB08463
BRD-K19615002	DB00148
BRD-K22127577	DB11832
BRD-K43230258	DB05219
BRD-K78431006	DB08865
BRD-K20920669	DB01003
BRD-K53508936	DB08490
BRD-K41278234	DB12174
BRD-K69351586	DB12336
BRD-K77638923	DB11891
BRD-A18627414	DB15676
BRD-K79501723	DB01176
BRD-K42348709	DB00924
BRD-A10420615	DB07604
BRD-K87226815	DB00260
BRD-K13533483	DB00091
BRD-K28143534	DB00434
BRD-K41141507	DB04839
BRD-K92611362	DB00847
BRD-K87737963	DB11763
BRD-K33106058	DB00987
BRD-K74186897	DB09028
BRD-K00911807	DB02556
BRD-K71822263	DB03929
BRD-K09951645	DB08912
BRD-K57169635	DB11963
BRD-K70578146	DB00970
BRD-K12979078	DB02115
BRD-A89196962	DB15676
BRD-K18849474	DB12181
BRD-K22482860	DB06637
BRD-K48970916	DB01406
BRD-K13769342	DB11922
BRD-K81272440	DB01219
BRD-K07881437	DB11778
BRD-K58160573	DB06292
BRD-K33133047	DB00298
BRD-K12885236	DB08639
BRD-K51579475	DB04884
BRD-K62363391	DB00250
BRD-K95773607	DB00496
BRD-K84986517	DB01264
BRD-K54863166	DB04883
BRD-K49328571	DB01254
BRD-K31633810	DB15676
BRD-K43389675	DB00694
BRD-K82767007	DB03052
BRD-K80419150	DB04840
BRD-K49783248	DB01245
BRD-A95300432	DB12566
BRD-K79254416	DB01262
BRD-K43578482	DB12282
BRD-K06878038	DB08826
BRD-K30468934	DB11921
BRD-K62304154	DB15676
BRD-K00003578	DB06699
BRD-K41256143	DB01708
BRD-K15360631	DB05804
BRD-K59325863	DB11956
BRD-K34068325	DB00705
BRD-K51471001	DB00944
BRD-K41170226	DB03619
BRD-K00005351	DB13466
BRD-K77685957	DB04209
BRD-K29462201	DB01089
BRD-K60762818	DB01151
BRD-K99919177	DB01078
BRD-K82357231	DB00967
BRD-K00003582	DB15676
BRD-K46061689	DB00304
BRD-K21528677	DB01260
BRD-K30697463	DB00547
BRD-K26024145	DB01134
BRD-K38775274	DB01234
BRD-K30019776	DB04522
BRD-K05900209	DB05351
BRD-K07609981	DB04856
BRD-K18423410	DB00633
BRD-K07265709	DB00380
BRD-K33211335	DB00514
BRD-K69122748	DB11994
BRD-K73109821	DB01119
BRD-K08252256	DB00586
BRD-K71499074	DB01144
BRD-K82236179	DB00266
BRD-K68507560	DB00804
BRD-K94146583	DB12948
BRD-K95309561	DB00890
BRD-K50853363	DB09123
BRD-K45542189	DB00711
BRD-K22031190	DB00861
BRD-K72992801	DB06781
BRD-K18518344	DB04177
BRD-K63668566	DB01396
BRD-K20152659	DB00154
BRD-K72166146	DB00320
BRD-A34455052	DB15676
BRD-K24023109	DB00343
BRD-K88701661	DB00566
BRD-K31111078	DB08908
BRD-K92848252	DB03608
BRD-K13662825	DB12021
BRD-K81672972	DB12789
BRD-K26521938	DB00917
BRD-K26862302	DB11259
BRD-K94436377	DB08995
BRD-K47278471	DB01075
BRD-K01663662	DB01231
BRD-K65814004	DB15676
BRD-K22936972	DB01146
BRD-K64838454	DB12733
BRD-K86301799	DB00975
BRD-K66672047	DB07645
BRD-A29734509	DB00280
BRD-K32744045	DB00822
BRD-K40654626	DB02520
BRD-K64400208	DB03759
BRD-K30577245	DB01248
BRD-K39965020	DB03756
BRD-K50050533	DB00632
BRD-K05680146	DB03967
BRD-K86887724	DB00204
BRD-K28029915	DB15676
BRD-K78567475	DB12730
BRD-K67463151	DB08930
BRD-K38305202	DB01184
BRD-A49160188	DB07701
BRD-K43887077	DB00988
BRD-K74065929	DB03044
BRD-K45319714	DB06211
BRD-K54233340	DB08597
BRD-K48617017	DB00869
BRD-K54759182	DB09167
BRD-K37694030	DB14750
BRD-K58262659	DB12947
BRD-K70507123	DB09273
BRD-K92093830	DB00997
BRD-K01825679	DB00254
BRD-K01824921	DB12946
BRD-K80315159	DB04905
BRD-A38706605	DB15676
BRD-K05524748	DB04855
BRD-K97158071	DB00450
BRD-K04394237	DB01395
BRD-K17219082	DB09215
BRD-K20372197	DB06262
BRD-K71103788	DB00476
BRD-K30373883	DB01126
BRD-K93468883	DB11952
BRD-K72259270	DB00645
BRD-K68620903	DB00378
BRD-K50564936	DB05171
BRD-K13314656	DB11742
BRD-K29359156	DB12610
BRD-K03353589	DB05265
BRD-K97058489	DB09075
BRD-K81128206	DB01010
BRD-K37355418	DB08486
BRD-K40758068	DB00625
BRD-A96292436	DB06243
BRD-K81623406	DB02234
BRD-K88807631	DB04881
BRD-K00004609	DB05494
BRD-K03165895	DB05187
BRD-K55808645	DB11979
BRD-K00003316	DB05295
BRD-K82135108	DB05719
BRD-K30652337	DB00216
BRD-K86410485	DB09039
BRD-K30466858	DB08846
BRD-K30827431	DB12308
BRD-K86171477	DB12883
BRD-K00003572	DB06210
BRD-K86727142	DB15676
BRD-A65248799	DB03944
BRD-K15010214	DB01084
BRD-K58685305	DB07715
BRD-K53765467	DB09038
BRD-K00023644	DB05408
BRD-K57545991	DB00584
BRD-K99447003	DB09477
BRD-K70601687	DB13874
BRD-K00003576	DB11718
BRD-K26425819	DB03516
BRD-K78113049	DB00467
BRD-K21152241	DB04880
BRD-K96137854	DB13089
BRD-K35007173	DB00824
BRD-K83636919	DB00494
BRD-K77908580	DB11841
BRD-K39009484	DB11986
BRD-K56851771	DB08899
BRD-K45014108	DB01364
BRD-A54236247	DB00852
BRD-K55591206	DB12116
BRD-K63126190	DB00668
BRD-K39339537	DB08991
BRD-K04548931	DB00445
BRD-K19761926	DB00700
BRD-A59329714	DB15676
BRD-K52762805	DB15676
BRD-K67977190	DB00876
BRD-K26531771	DB12920
BRD-K87468701	DB15676
BRD-K33586289	DB15676
BRD-K54847683	DB11674
BRD-K84868168	DB12147
BRD-K56155962	DB00153
BRD-K17311468	DB01253
BRD-K15380626	DB00696
BRD-K70401845	DB00530
BRD-K80608265	DB07933
BRD-K00003574	DB11827
BRD-K63550407	DB15676
BRD-K39746403	DB15676
BRD-K70301876	DB01175
BRD-K61237927	DB09119
BRD-K61443506	DB00736
BRD-K75445017	DB12235
BRD-K18910433	DB00783
BRD-K53319039	DB13952
BRD-K44412991	DB13953
BRD-K64984393	DB13954
BRD-K66766661	DB13956
BRD-A70858459	DB01196
BRD-K17016787	DB04573
BRD-K81839095	DB00655
BRD-K51095933	DB04574
BRD-K63630713	DB00903
BRD-M75061779	DB06689
BRD-K48195008	DB00977
BRD-K18131774	DB00311
BRD-K46331928	DB00823
BRD-K37949327	DB01077
BRD-K68232413	DB09166
BRD-K73541271	DB08984
BRD-K49338325	DB08983
BRD-K55055802	DB00292
BRD-K00003655	DB00294
BRD-K37798499	DB00773
BRD-K54770957	DB01628
BRD-K74717603	DB06414
BRD-K29996876	DB03852
BRD-K32977963	DB09086
BRD-K19741031	DB15676
BRD-K16551357	DB11655
BRD-K11452913	DB12022
BRD-K13514097	DB15676
BRD-K71603915	DB11726
BRD-K92150287	DB12185
BRD-K33425534	DB00990
BRD-K81795818	DB15676
BRD-K98963219	DB05460
BRD-K42260897	DB00973
BRD-K76617868	DB08162
BRD-K48367671	DB04854
BRD-K12502280	DB12500
BRD-K99107520	DB00949
BRD-K91740057	DB07477
BRD-K12513978	DB08981
BRD-K50388907	DB01039
BRD-K30213273	DB13873
BRD-K89085489	DB05076
BRD-K66295376	DB07767
BRD-K46731503	DB06702
BRD-K08864679	DB02545
BRD-K56807945	DB08687
BRD-K14385366	DB04847
BRD-K21586122	DB09279
BRD-K01095011	DB01216
BRD-K88025533	DB08868
BRD-K17513304	DB12732
BRD-K09090523	DB09217
BRD-K31836715	DB07795
BRD-A01907367	DB15676
BRD-K58550667	DB12731
BRD-K01666925	DB03147
BRD-K47639036	DB01148
BRD-K33637378	DB04908
BRD-A23418262	DB08976
BRD-K47832606	DB00322
BRD-K86003836	DB08974
BRD-K05977355	DB00196
BRD-K82143716	DB01099
BRD-K66788707	DB01073
BRD-K00824317	DB00846
BRD-K44067360	DB02266
BRD-K68870568	DB11904
BRD-K98769987	DB01205
BRD-K61496577	DB00663
BRD-K29582677	DB04841
BRD-K49577446	DB00180
BRD-K94353609	DB00591
BRD-K57886322	DB01047
BRD-K21913543	DB00693
BRD-K64862097	DB00324
BRD-K70487031	DB00875
BRD-K55127134	DB00623
BRD-K50720187	DB06623
BRD-K75410565	DB05289
BRD-K77947974	DB04842
BRD-K28307902	DB00499
BRD-K62310379	DB00588
BRD-K18673820	DB00158
BRD-K56810756	DB01213
BRD-K03449891	DB12307
BRD-A26503646	DB15676
BRD-K09602097	DB02587
BRD-K06814349	DB12577
BRD-K53809807	DB01320
BRD-K85178109	DB12010
BRD-K13005598	DB13034
BRD-K00004668	DB03925
BRD-K08255599	DB00998
BRD-K70504253	DB11679
BRD-K78010432	DB00695
BRD-K59256312	DB12831
BRD-K89104321	DB06554
BRD-K49481516	DB00674
BRD-K00004319	DB12415
BRD-A52922642	DB12923
BRD-K28217197	DB05087
BRD-K81981783	DB06741
BRD-K43002773	DB11743
BRD-K68938568	DB12380
BRD-K43187018	DB13072
BRD-K61923022	DB12253
BRD-K52911425	DB11663
BRD-K23228615	DB12180
BRD-K64052750	DB00317
BRD-K43570081	DB15676
BRD-K15108141	DB00441
BRD-K09456915	DB12564
BRD-K11129031	DB01241
BRD-K43797669	DB01645
BRD-K97472745	DB11619
BRD-K31342827	DB03777
BRD-K72280606	DB12141
BRD-K35687421	DB09257
BRD-K42679315	DB15676
BRD-K93816012	DB15676
BRD-K13810148	DB12645
BRD-K34341643	DB11978
BRD-K34776109	DB00222
BRD-K12219985	DB01067
BRD-K80396088	DB01251
BRD-K15893360	DB12461
BRD-K36927236	DB01016
BRD-A81233518	DB00986
BRD-K00004613	DB05814
BRD-K69832040	DB12980
BRD-K69001009	DB11977
BRD-K99504665	DB00014
BRD-K19295594	DB13044
BRD-K44869961	DB01951
BRD-A10967948	DB00889
BRD-K62050508	DB12836
BRD-K08273968	DB00400
BRD-K73585091	DB12687
BRD-K76719364	DB12121
BRD-K04923131	DB15676
BRD-K06750613	DB11962
BRD-K60341624	DB12627
BRD-K25412176	DB11648
BRD-K07972848	DB12703
BRD-K05858796	DB11729
BRD-K37590257	DB12137
BRD-K49215523	DB11795
BRD-K25325018	DB12745
BRD-K14235254	DB05708
BRD-K96282009	DB11359
BRD-K62676709	DB01170
BRD-K32830106	DB01018
BRD-K76037122	DB00536
BRD-K14880289	DB05416
BRD-K26823213	DB11903
BRD-K93258693	DB07863
BRD-K27737647	DB07995
BRD-K81709173	DB06786
BRD-K54247840	DB04866
BRD-K67783091	DB00502
BRD-K58122457	DB15676
BRD-K30553453	DB01094
BRD-K38903228	DB04703
BRD-K99792991	DB00756
BRD-K10598093	DB08960
BRD-K69253806	DB07931
BRD-K99946902	DB11254
BRD-K01674964	DB05381
BRD-K58811567	DB13002
BRD-K01826529	DB15676
BRD-A54234250	DB15676
BRD-K76674262	DB04865
BRD-K62240499	DB04864
BRD-K13078532	DB00999
BRD-K93568044	DB00741
BRD-K11612998	DB14539
BRD-K09968782	DB14544
BRD-K36862742	DB00774
BRD-K11227669	DB09526
BRD-K77793136	DB04707
BRD-K51747290	DB01005
BRD-K46424862	DB07118
BRD-K40530731	DB00424
BRD-K03739921	DB04076
BRD-K31135544	DB05511
BRD-K08681769	DB00710
BRD-K94979336	DB07954
BRD-K70301465	DB09053
BRD-K16444452	DB05266
BRD-K14965640	DB09213
BRD-K09638361	DB03083
BRD-K65639003	DB12052
BRD-K24476327	DB12672
BRD-K47192521	DB00159
BRD-K31698212	DB11737
BRD-K79102359	DB11957
BRD-K69650333	DB01177
BRD-K62627508	DB12325
BRD-K60866521	DB09054
BRD-K74671368	DB04915
BRD-K15426076	DB12233
BRD-K51662849	DB02255
BRD-K48722833	DB04946
BRD-K92723993	DB00619
BRD-K29626940	DB09262
BRD-K11466259	DB11783
BRD-K38436528	DB00458
BRD-K26657438	DB00724
BRD-K81016934	DB11791
BRD-K67628093	DB15676
BRD-K89208535	DB05039
BRD-K64973364	DB08953
BRD-A95869247	DB07467
BRD-K00003177	DB07724
BRD-K33226500	DB00224
BRD-K90948141	DB12590
BRD-K17894950	DB15676
BRD-K19136521	DB02052
BRD-K17610631	DB06370
BRD-K01815685	DB12881
BRD-K57222227	DB00328
BRD-K76953762	DB08950
BRD-K93779381	DB05013
BRD-K52618540	DB13178
BRD-K67261995	DB04711
BRD-K51247865	DB11698
BRD-K01826778	DB15676
BRD-K88568253	DB04818
BRD-K60038276	DB01029
BRD-K08547377	DB00762
BRD-K87777313	DB02292
BRD-K74195153	DB13056
BRD-K93332168	DB01247
BRD-K56575995	DB00677
BRD-K33583600	DB03285
BRD-K87202646	DB00951
BRD-K14127446	DB01625
BRD-K55853390	DB00883
BRD-K82225283	DB01020
BRD-K76723084	DB00982
BRD-A75552914	DB08942
BRD-K12826175	DB15676
BRD-K87774949	DB11757
BRD-K67482377	DB12154
BRD-K96740444	DB04924
BRD-K33972682	DB09083
BRD-K52818472	DB08820
BRD-K03601870	DB15676
BRD-K32892871	DB15676
BRD-K25596805	DB15676
BRD-K83837640	DB12985
BRD-K31802667	DB12579
BRD-K02123250	DB13113
BRD-K55029398	DB12059
BRD-K12807006	DB01852
BRD-K00003176	DB05806
BRD-K49671696	DB12465
BRD-K02898090	DB02742
BRD-A95683721	DB15676
BRD-K85872723	DB11937
BRD-K98372770	DB08078
BRD-K10958118	DB07227
BRD-K06033833	DB00125
BRD-K97163964	DB00128
BRD-A12237696	DB00155
BRD-K33141550	DB12750
BRD-K43586850	DB09236
BRD-K93460210	DB00555
BRD-K86436199	DB12212
BRD-K00004280	DB05351
BRD-K19687926	DB01259
BRD-K60918217	DB06685
BRD-K10961822	DB00654
BRD-K55703048	DB11725
BRD-K61292460	DB08080
BRD-K67375056	DB03017
BRD-K08248804	DB12085
BRD-K20008181	DB12866
BRD-K78692225	DB01097
BRD-K78666663	DB11951
BRD-K39974922	DB09078
BRD-K62398570	DB12964
BRD-K75024268	DB11560
BRD-K88789588	DB01006
BRD-K34469523	DB13139
BRD-K30634073	DB00504
BRD-K73107279	DB00848
BRD-K49404994	DB01202
BRD-A64698388	DB15676
BRD-K43883465	DB09351
BRD-K31812033	DB01210
BRD-K33453211	DB01106
BRD-K59647213	DB02648
BRD-K50329370	DB00825
BRD-K35559145	DB01403
BRD-K02976377	DB06707
BRD-K35189033	DB00367
BRD-K03095347	DB00922
BRD-K30685142	DB00451
BRD-A30655177	DB15676
BRD-K16810791	DB12561
BRD-K08439945	DB04725
BRD-K52662033	DB00281
BRD-K25015158	DB09211
BRD-K00003592	DB08890
BRD-K96550715	DB08882
BRD-K93814253	DB00431
BRD-K66876909	DB00601
BRD-K86118762	DB06075
BRD-K67966701	DB00722
BRD-K67943528	DB00589
BRD-K73234506	DB01762
BRD-K83029223	DB11861
BRD-K66206289	DB05137
BRD-K92213669	DB08827
BRD-K41599323	DB06448
BRD-K78513633	DB06266
BRD-K61250553	DB00836
BRD-K82795137	DB00455
BRD-A90551241	DB06725
BRD-K76205745	DB00678
BRD-K56195681	DB12270
BRD-K09416995	DB00227
BRD-K39915878	DB00408
BRD-K53124401	DB12961
BRD-K83970940	DB15676
BRD-K00003521	DB04967
BRD-K31309378	DB11845
BRD-K69236721	DB09280
BRD-K10031916	DB06077
BRD-K26901728	DB01283
BRD-K51143828	DB08815
BRD-K78055238	DB11913
BRD-K78118466	DB11911
BRD-K59227464	DB11787
BRD-K90171280	DB12573
BRD-K21833260	DB12690
BRD-K14109347	DB11662
BRD-K20463415	DB12008
BRD-K12068470	DB12284
BRD-K25630527	DB13040
BRD-K18961567	DB12381
BRD-K94534639	DB13065
BRD-K15382985	DB15676
BRD-K17203476	DB13022
BRD-K51258098	DB12547
BRD-K27305650	DB02656
BRD-K82967180	DB12167
BRD-K06234293	DB03921
BRD-K45528773	DB02565
BRD-K48812570	DB08932
BRD-K30649484	DB06795
BRD-K03319035	DB15676
BRD-K00004293	DB04835
BRD-K21396683	DB00786
BRD-K07790550	DB13004
BRD-K32218650	DB12345
BRD-K50712474	DB00114
BRD-K75844781	DB12110
BRD-K59753853	DB04175
BRD-K77987382	DB00643
BRD-K50398167	DB00939
BRD-K82216340	DB00603
BRD-K56515112	DB00253
BRD-K92778217	DB00784
BRD-K19507340	DB00351
BRD-K00495673	DB04377
BRD-K14529030	DB15676
BRD-K97530723	DB01065
BRD-K01826742	DB00814
BRD-K92984783	DB09224
BRD-K78126613	DB00170
BRD-K18194590	DB01365
BRD-K97564742	DB06691
BRD-K45216060	DB09516
BRD-K91601245	DB01033
BRD-K09372874	DB04862
BRD-K28849549	DB00244
BRD-K69688083	DB00545
BRD-K31920458	DB01357
BRD-K22518984	DB01776
BRD-K96253961	DB00610
BRD-K56699285	DB13520
BRD-K79602928	DB00331
BRD-K53896891	DB13058
BRD-K09859624	DB00940
BRD-K88143662	DB00463
BRD-K00002562	DB00703
BRD-K54416256	DB00763
BRD-A39515206	DB02893
BRD-K59456551	DB00563
BRD-K63430059	DB00553
BRD-K06152156	DB01028
BRD-K48619321	DB11315
BRD-K01292611	DB00992
BRD-K00004543	DB15676
BRD-K54770538	DB08167
BRD-K34685430	DB00353
BRD-K00003599	DB06800
BRD-K35240538	DB00959
BRD-K75641298	DB01233
BRD-K16484091	DB01336
BRD-K52020312	DB00916
BRD-K46862739	DB01011
BRD-K94441233	DB06693
BRD-A64092382	DB07129
BRD-K34328244	DB03601
BRD-K42981054	DB12717
BRD-K09549677	DB01388
BRD-K13646352	DB06595
BRD-K37270826	DB00834
BRD-K44779798	DB00491
BRD-K33251802	DB00419
BRD-K00004287	DB08918
BRD-K67080878	DB00235
BRD-K02867583	DB00805
BRD-K06902185	DB00350
BRD-K47949423	DB08893
BRD-A72351335	DB00929
BRD-K52959329	DB01252
BRD-K21680192	DB01204
BRD-K21884483	DB12523
BRD-K16732600	DB12044
BRD-K54256913	DB11740
BRD-K66911501	DB12424
BRD-K53665955	DB12556
BRD-K03894385	DB12158
BRD-K29656036	DB13024
BRD-K92995792	DB15676
BRD-K59317601	DB11836
BRD-K83963101	DB13061
BRD-K16485616	DB11830
BRD-K07237224	DB01171
BRD-K34441861	DB00691
BRD-K50265942	DB00764
BRD-K54262262	DB00600
BRD-K69470111	DB00471
BRD-K21548250	DB00680
BRD-K11785681	DB12303
BRD-K77771411	DB09242
BRD-K68795758	DB15676
BRD-K25143390	DB12715
BRD-K19061412	DB12682
BRD-K60441002	DB12458
BRD-K92428153	DB00688
BRD-K63750851	DB01024
BRD-K43149758	DB02375
BRD-K80653534	DB00141
BRD-K82522873	DB12206
BRD-K65146499	DB00461
BRD-K06674495	DB12598
BRD-K18574842	DB00607
BRD-K66404838	DB00844
BRD-K41458421	DB09049
BRD-K67511046	DB01183
BRD-K88172511	DB00704
BRD-K22064724	DB12155
BRD-K77641333	DB06711
BRD-K59197931	DB00788
BRD-K61337602	DB00952
BRD-K08832567	DB03467
BRD-K87122641	DB04066
BRD-K44353683	DB00731
BRD-K82746043	DB12340
BRD-K64716392	DB00716
BRD-K90789829	DB01149
BRD-K65678996	DB13082
BRD-K84466663	DB01280
BRD-K74117820	DB00220
BRD-K71013094	DB00452
BRD-K18922609	DB01400
BRD-K04112579	DB06802
BRD-K09126848	DB12979
BRD-K85606544	DB11828
BRD-K60212747	DB11620
BRD-K97428065	DB09048
BRD-K15502390	DB00238
BRD-K89223384	DB04223
BRD-K60237333	DB00627
BRD-K12102668	DB04820
BRD-K76810206	DB00699
BRD-K35960502	DB06803
BRD-K97752965	DB09220
BRD-K28912512	DB02701
BRD-K05395900	DB00184
BRD-K96354014	DB01115
BRD-K98763141	DB04552
BRD-K59333713	DB09239
BRD-K81528515	DB04868
BRD-K23566484	DB00665
BRD-K76775527	DB04743
BRD-K49075727	DB09079
BRD-K54955827	DB11793
BRD-K97534525	DB01422
BRD-K73589491	DB00585
BRD-K00004640	DB08283
BRD-K08807999	DB12445
BRD-K12539581	DB08313
BRD-K87349682	DB00368
BRD-K92073408	DB00717
BRD-K38041788	DB00957
BRD-A14886633	DB00367
BRD-K91263825	DB00540
BRD-K21865955	DB12784
BRD-K00004295	DB15676
BRD-K00004309	DB15676
BRD-A40413915	DB15676
BRD-K20976221	DB02407
BRD-K03294269	DB08312
BRD-K15179513	DB15676
BRD-K24696047	DB15676
BRD-K12184916	DB11651
BRD-K42728290	DB11886
BRD-K21025364	DB07460
BRD-K63247785	DB01837
BRD-K92041145	DB11919
BRD-K15600710	DB12191
BRD-A75838038	DB15676
BRD-K36463073	DB11900
BRD-A64173453	DB15676
BRD-K22822991	DB06670
BRD-A00842753	DB15676
BRD-K83144676	DB00275
BRD-K60421517	DB13164
BRD-K82731415	DB02116
BRD-K67637637	DB00768
BRD-K57853941	DB01250
BRD-K86972824	DB12539
BRD-K00003265	DB00886
BRD-K14171291	DB11992
BRD-K36680103	DB11816
BRD-A55962179	DB00736
BRD-K18602506	DB02105
BRD-K55966568	DB12072
BRD-K67068943	DB12271
BRD-K63343048	DB01083
BRD-K32572029	DB02262
BRD-K76011241	DB00198
BRD-K87124298	DB12387
BRD-K25340465	DB05913
BRD-K42805893	DB09330
BRD-K44184170	DB04938
BRD-K29735307	DB12078
BRD-K80082640	DB06635
BRD-K53417444	DB15676
BRD-K25394294	DB00991
BRD-K22556255	DB12877
BRD-K04196797	DB00776
BRD-K30373577	DB04308
BRD-K52075715	DB04910
BRD-K59037100	DB01428
BRD-K04185004	DB00892
BRD-K16195444	DB00935
BRD-K66808046	DB11145
BRD-K53061490	DB12017
BRD-K46625559	DB12612
BRD-K62008436	DB01229
BRD-K19034817	DB11697
BRD-K51313569	DB09073
BRD-K08924299	DB00377
BRD-K83794243	DB12320
BRD-K58513245	DB00282
BRD-K50817623	DB01337
BRD-K02130563	DB06603
BRD-K15567136	DB01113
BRD-K41524689	DB00316
BRD-K11851476	DB12061
BRD-K13800121	DB08439
BRD-K83597974	DB01626
BRD-K60585088	DB00910
BRD-K37991163	DB00715
BRD-K59715032	DB06663
BRD-K74514084	DB06589
BRD-K12867552	DB12565
BRD-K49865102	DB07101
BRD-K17702546	DB07662
BRD-K05104363	DB12429
BRD-K82823804	DB04608
BRD-A14577621	DB15676
BRD-K31731454	DB00885
BRD-K55705469	DB01359
BRD-K78789465	DB00183
BRD-K13183738	DB00738
BRD-K44942604	DB01090
BRD-K91543828	DB00552
BRD-K57569181	DB00806
BRD-K60770992	DB01186
BRD-K85503079	DB08922
BRD-K10995081	DB00850
BRD-K04643877	DB12365
BRD-K67844266	DB11759
BRD-K54519451	DB12978
BRD-K31519811	DB08387
BRD-K37764012	DB11775
BRD-K68747584	DB13059
BRD-K73319509	DB12848
BRD-K54871792	DB12024
BRD-K86816506	DB12012
BRD-K30550578	DB14887
BRD-K07310275	DB11974
BRD-K07955840	DB11896
BRD-K95880107	DB07941
BRD-K64800655	DB12686
BRD-K40905133	DB01121
BRD-K38323065	DB03783
BRD-K46937689	DB01435
BRD-K76304753	DB01438
BRD-K87024524	DB00780
BRD-K56700933	DB12695
BRD-K11399644	DB00914
BRD-K70592963	DB00498
BRD-K76549667	DB03255
BRD-K19227686	DB04824
BRD-K46580984	DB04892
BRD-K90333595	DB00692
BRD-K10843433	DB00812
BRD-K67102207	DB06819
BRD-K73381542	DB00388
BRD-K55930204	DB00252
BRD-K44400149	DB08363
BRD-K15563106	DB07810
BRD-K25650355	DB00981
BRD-K76661572	DB01022
BRD-K02750403	DB04873
BRD-K91509126	DB08399
BRD-K47642186	DB01791
BRD-A91822151	DB15676
BRD-K57313110	DB03088
BRD-K29395450	DB06836
BRD-K85090592	DB01085
BRD-K83245588	DB12712
BRD-K48832421	DB08707
BRD-K83405785	DB05316
BRD-K01292756	DB01100
BRD-K26801045	DB09286
BRD-A21544762	DB01338
BRD-K13249881	DB00592
BRD-K59522102	DB12582
BRD-K00004560	DB01621
BRD-K83794624	DB11616
BRD-K89375097	DB00670
BRD-K87990216	DB02925
BRD-K96862998	DB04951
BRD-K47936004	DB12478
BRD-K01826746	DB00554
BRD-K75958547	DB08860
BRD-K62264492	DB12951
BRD-K20504455	DB05103
BRD-K48304345	DB06193
BRD-K75958195	DB06153
BRD-K11853856	DB08348
BRD-A28467416	DB13109
BRD-K33240821	DB06809
BRD-K16478699	DB06999
BRD-K47869605	DB01179
BRD-K43236057	DB11263
BRD-K44227013	DB08901
BRD-K44030614	DB12016
BRD-K06222852	DB01263
BRD-K46556543	DB09015
BRD-K79803033	DB05458
BRD-K50010139	DB12114
BRD-K47598052	DB01809
BRD-K81801188	DB08052
BRD-K72514671	DB08350
BRD-K06388322	DB00413
BRD-K97045029	DB01411
BRD-K60511616	DB00175
BRD-K49111258	DB00457
BRD-A93963402	DB15676
BRD-A27887842	DB00860
BRD-K45664306	DB15566
BRD-K85883481	DB00635
BRD-K43880410	DB02789
BRD-A35912562	DB15676
BRD-K46290096	DB11864
BRD-K96671969	DB05154
BRD-K32247306	DB00794
BRD-K95237249	DB01032
BRD-K72029282	DB01599
BRD-K75089421	DB01035
BRD-K24616672	DB00721
BRD-K78666826	DB01366
BRD-K19352500	DB00433
BRD-K68408467	DB01123
BRD-K64994968	DB00396
BRD-K06980535	DB00420
BRD-K54496168	DB09288
BRD-K90885812	DB00782
BRD-K14821965	DB02166
BRD-K91244729	DB12278
BRD-K82255054	DB00818
BRD-K92830582	DB03322
BRD-K48168960	DB00550
BRD-K00003716	DB09421
BRD-K26813314	DB15676
BRD-K42098891	DB00344
BRD-K79116891	DB00807
BRD-K33681278	DB06480
BRD-K43837174	DB13094
BRD-K99092662	DB07286
BRD-K10177585	DB15676
BRD-K00004243	DB15676
BRD-K36529613	DB12638
BRD-K44164034	DB12402
BRD-K36007650	DB08437
BRD-K50836978	DB04751
BRD-K41564320	DB02733
BRD-K75282878	DB01917
BRD-K28667793	DB00339
BRD-K01567962	DB01782
BRD-K42607789	DB15676
BRD-K76204040	DB00147
BRD-K14349461	DB00165
BRD-K88429204	DB00205
BRD-K16136380	DB15676
BRD-K11663430	DB12847
BRD-K39479472	DB06816
BRD-K97399794	DB04216
BRD-K68867920	DB01224
BRD-K02995728	DB09097
BRD-K72222507	DB00881
BRD-K63794707	DB04575
BRD-K59632282	DB00908
BRD-K07940445	DB00468
BRD-K93918653	DB12874
BRD-K14870255	DB12411
BRD-K20285085	DB07159
BRD-K52233191	DB08094
BRD-K04111260	DB12518
BRD-K13394247	DB11790
BRD-K63828191	DB00481
BRD-K08586861	DB13036
BRD-K28761891	DB00980
BRD-K50489389	DB05327
BRD-K58114536	DB01367
BRD-A67036568	DB15676
BRD-K76694128	DB13005
BRD-K77224738	DB00234
BRD-K00003609	DB06213
BRD-K16730910	DB08896
BRD-K89413285	DB12404
BRD-K54094468	DB00409
BRD-K82846253	DB00912
BRD-K58486055	DB12614
BRD-K95921201	DB00206
BRD-K28822270	DB12392
BRD-K74190368	DB11085
BRD-K80738081	DB02709
BRD-K22429181	DB00162
BRD-K77286328	DB07340
BRD-K32942258	DB15676
BRD-K22024824	DB11870
BRD-K27335680	DB13174
BRD-K60369935	DB00811
BRD-K36788280	DB11730
BRD-K92760278	DB00140
BRD-K09229706	DB03247
BRD-K55188888	DB03615
BRD-K33682646	DB02955
BRD-K55187425	DB12146
BRD-K01638814	DB11738
BRD-K06240250	DB08864
BRD-K21283037	DB00740
BRD-K55781385	DB12457
BRD-K31627533	DB00896
BRD-K13296708	DB06155
BRD-K84783599	DB08931
BRD-K53814070	DB13165
BRD-K05185389	DB00884
BRD-K53857191	DB00734
BRD-K40887525	DB12693
BRD-K51485625	DB00503
BRD-K79966802	DB05855
BRD-K37130656	DB06228
BRD-K10706131	DB00989
BRD-K75699339	DB00953
BRD-K55192287	DB02016
BRD-K64538373	DB12933
BRD-K33610132	DB11907
BRD-K43305603	DB00728
BRD-K21733600	DB00533
BRD-K03194791	DB01656
BRD-K15933101	DB00268
BRD-K50938786	DB00296
BRD-K07691486	DB06195
BRD-K11672787	DB12350
BRD-K82941592	DB01098
BRD-K91111634	DB05271
BRD-K35719256	DB12093
BRD-K81855038	DB08806
BRD-K38684403	DB15676
BRD-K06894065	DB12060
BRD-K56211775	DB12513
BRD-K88560311	DB12332
BRD-K20079257	DB06201
BRD-K98004573	DB11614
BRD-K20482099	DB01698
BRD-K53972329	DB08877
BRD-K10673031	DB04018
BRD-K46493214	DB12418
BRD-K91456750	DB09292
BRD-K92613113	DB06654
BRD-K99433989	DB15676
BRD-K93632104	DB00936
BRD-K98453471	DB12681
BRD-K19284129	DB12327
BRD-K09963420	DB01232
BRD-K45349653	DB12541
BRD-K19540840	DB11805
BRD-K79878800	DB13115
BRD-K48892307	DB01399
BRD-K98028353	DB12048
BRD-K00003546	DB07465
BRD-K01826796	DB08521
BRD-K98795921	DB12986
BRD-K82091397	DB15676
BRD-K65991129	DB11883
BRD-K78941306	DB12680
BRD-K86797399	DB05223
BRD-K00004286	DB15676
BRD-K75009076	DB11899
BRD-K33809398	DB04339
BRD-K89923877	DB00747
BRD-A49906757	DB15676
BRD-K86434416	DB01037
BRD-K21191422	DB11362
BRD-K21361524	DB11942
BRD-K57080016	DB11689
BRD-K65592642	DB12463
BRD-K63504947	DB06436
BRD-K65924316	DB12027
BRD-K69116396	DB06144
BRD-K82036761	DB01104
BRD-K24497734	DB12562
BRD-K36732695	DB09304
BRD-K05638300	DB01236
BRD-K80700417	DB12494
BRD-K00004650	DB05010
BRD-K80353138	DB09298
BRD-K10906636	DB06207
BRD-K00003545	DB06290
BRD-K22134346	DB00641
BRD-K91100918	DB01910
BRD-K62384160	DB12371
BRD-A23747351	DB15676
BRD-K19416115	DB01261
BRD-K63806092	DB06268
BRD-K02152879	DB12863
BRD-K49776472	DB07106
BRD-K00004304	DB12649
BRD-K34445261	DB12446
BRD-K00004213	DB15676
BRD-K00004310	DB15676
BRD-K89561498	DB05482
BRD-A67006024	DB15676
BRD-K73197500	DB06070
BRD-K85406984	DB07425
BRD-K05878375	DB03568
BRD-M58433298	DB15676
BRD-K00003543	DB15676
BRD-K01039503	DB05197
BRD-K00003600	DB01591
BRD-K14681867	DB15676
BRD-K19796430	DB09143
BRD-K23984367	DB00398
BRD-A89164055	DB02712
BRD-K05850076	DB12713
BRD-K16761703	DB12369
BRD-K40438880	DB03566
BRD-K18375018	DB00127
BRD-K28192623	DB12704
BRD-K90027355	DB00421
BRD-A08772153	DB15676
BRD-K35629949	DB04867
BRD-K48452630	DB12186
BRD-K83146339	DB15676
BRD-K94883909	DB03428
BRD-K00003183	DB05399
BRD-K45497762	DB00202
BRD-K74724920	DB02772
BRD-K02594908	DB00259
BRD-K10671814	DB06729
BRD-K10670311	DB00795
BRD-A58955223	DB12422
BRD-K00003488	DB08329
BRD-K50938287	DB00669
BRD-K36274133	DB15676
BRD-K42828737	DB01268
BRD-K70327167	DB04786
BRD-K15170068	DB02034
BRD-K23383398	DB07080
BRD-K09001147	DB12919
BRD-K52313696	DB12291
BRD-K81473089	DB00382
BRD-K69608737	DB00864
BRD-K93645900	DB00820
BRD-K23728141	DB11644
BRD-K65059905	DB08819
BRD-K18320600	DB04936
BRD-K67262033	DB13093
BRD-K26667523	DB12241
BRD-K58501140	DB12491
BRD-K01683783	DB12756
BRD-K50498985	DB12550
BRD-K80359953	DB04982
BRD-K17555800	DB05412
BRD-K36627727	DB04942
BRD-K93754473	DB00675
BRD-K74339692	DB00706
BRD-K99604664	DB04787
BRD-K65904673	DB12833
BRD-K89162000	DB05465
BRD-K88854110	DB12623
BRD-K44844162	DB12108
BRD-K62971431	DB09071
BRD-K14653796	DB05861
BRD-K81062487	DB04348
BRD-K94649603	DB02224
BRD-K76841105	DB00799
BRD-K11215326	DB12887
BRD-K01825674	DB15676
BRD-K08902330	DB08705
BRD-K00003289	DB04954
BRD-K72912098	DB05521
BRD-K91159026	DB12228
BRD-K82240271	DB15676
BRD-K73999723	DB00966
BRD-K63178091	DB14218
BRD-K10784860	DB08836
BRD-K32107296	DB00853
BRD-K48068743	DB11950
BRD-K00004279	DB15676
BRD-K10362825	DB00444
BRD-K61868322	DB00300
BRD-A22844106	DB00469
BRD-K76788410	DB12226
BRD-K68132782	DB00857
BRD-A42699921	DB15676
BRD-K00024725	DB15676
BRD-K15507868	DB06536
BRD-K00004564	DB05298
BRD-K45071273	DB09085
BRD-A46393198	DB00848
BRD-K12735121	DB05075
BRD-K34888156	DB01412
BRD-K95785345	DB00152
BRD-K69600043	DB00372
BRD-K26619122	DB11582
BRD-K49350383	DB00352
BRD-K61443650	DB02731
BRD-K08619574	DB01622
BRD-A56012032	DB08626
BRD-K09631521	DB04572
BRD-K04175245	DB01623
BRD-K17458574	DB02513
BRD-K60160658	DB00906
BRD-K57432881	DB13025
BRD-K25838957	DB08816
BRD-K00603606	DB00208
BRD-K81330143	DB12129
BRD-K34098590	DB04831
BRD-K10845183	DB01133
BRD-K08806317	DB00373
BRD-K62782754	DB01409
BRD-K62965247	DB04960
BRD-K61236135	DB03604
BRD-K37872686	DB00775
BRD-K33379087	DB12200
BRD-K53414658	DB11800
BRD-K06335600	DB00697
BRD-K53597484	DB08633
BRD-K31283835	DB08895
BRD-K96344439	DB11824
BRD-K32164935	DB00839
BRD-K46211610	DB00797
BRD-K85119730	DB01124
BRD-K10852020	DB00323
BRD-K82562631	DB00500
BRD-K85693895	DB02383
BRD-K54316499	DB01036
BRD-A82035391	DB06212
BRD-K29653726	DB00273
BRD-K77561571	DB01685
BRD-K55696337	DB01030
BRD-K55675242	DB06281
BRD-K91822704	DB02594
BRD-K51350053	DB00539
BRD-K92241597	DB11781
BRD-K93045741	DB12203
BRD-K12343256	DB08911
BRD-K28550399	DB00519
BRD-K15014948	DB00302
BRD-K17849083	DB07615
BRD-K95763993	DB09283
BRD-K23976833	DB00287
BRD-K70778732	DB00656
BRD-K19706299	DB00374
BRD-K84663978	DB15676
BRD-K08748705	DB04253
BRD-K77554836	DB00620
BRD-K92049597	DB00384
BRD-K01669786	DB11940
BRD-K68202742	DB04297
BRD-K80431395	DB12405
BRD-K81916719	DB12245
BRD-K41731458	DB08604
BRD-K37111771	DB06824
BRD-K89732114	DB00831
BRD-K63675182	DB00508
BRD-K03243820	DB00432
BRD-K71696703	DB08814
BRD-K88366685	DB09069
BRD-K16606819	DB00347
BRD-K34415467	DB00662
BRD-K07208025	DB00440
BRD-K13642819	DB01157
BRD-K57033106	DB00792
BRD-K11742128	DB00427
BRD-K39484304	DB12025
BRD-K62685538	DB06825
BRD-A13084692	DB08607
BRD-K47978074	DB03754
BRD-A84389633	DB15676
BRD-K50866992	DB11699
BRD-K00003641	DB00209
BRD-K00494077	DB00685
BRD-K49685476	DB02877
BRD-K99621550	DB01199
BRD-K26026438	DB11652
BRD-K59574735	DB03424
BRD-K46692793	DB09076
BRD-K91283740	DB15676
BRD-K01773560	DB15676
BRD-K38332599	DB11969
BRD-K80129304	DB03419
BRD-K73196317	DB12661
BRD-K88052444	DB03904
BRD-K01295354	DB08844
BRD-K13050303	DB02745
BRD-K01825013	DB04005
BRD-K15697815	DB01586
BRD-A99182808	DB15676
BRD-A12417644	DB15676
BRD-K12994359	DB00580
BRD-K41260949	DB00313
BRD-K72951360	DB00385
BRD-K45158365	DB00177
BRD-K19412342	DB11869
BRD-K77625799	DB05294
BRD-K32501161	DB03701
BRD-K18855837	DB01273
BRD-K09711437	DB11909
BRD-K70163715	DB04879
BRD-K04701033	DB11794
BRD-K20168442	DB01339
BRD-K87142802	DB07232
BRD-K06357403	DB12889
BRD-K56343971	DB08881
BRD-K62391742	DB11581
BRD-A09533288	DB00661
BRD-K36741660	DB11873
BRD-K19741547	DB06217
BRD-K13414800	DB12082
BRD-K72093121	DB00194
BRD-K58010567	DB06684
BRD-K00003565	DB15676
BRD-K06519765	DB00570
BRD-K40902647	DB13374
BRD-K59753975	DB00309
BRD-K53318339	DB12131
BRD-K44827188	DB08828
BRD-K97091514	DB00163
BRD-K66850609	DB04878
BRD-K69776681	DB12062
BRD-K32768103	DB11739
BRD-K93442924	DB09030
BRD-K23677682	DB11999
BRD-K06557128	DB00582
BRD-K81418486	DB02546
BRD-K56291712	DB12400
BRD-K21071223	DB02758
BRD-K72005722	DB12275
BRD-K81694556	DB12416
BRD-K07736136	DB05470
BRD-K91900765	DB07138
BRD-K54640016	DB12719
BRD-K87343924	DB08059
BRD-K05445342	DB12679
BRD-K45973863	DB08734
BRD-K45875383	DB12666
BRD-K03765900	DB11973
BRD-K08356259	DB06694
BRD-K44084986	DB08756
BRD-K35586044	DB01392
BRD-K53438416	DB02728
BRD-K16037980	DB12743
BRD-K71289571	DB00549
BRD-K23067689	DB00558
BRD-K37561857	DB02918
BRD-K87714311	DB03068
BRD-K72903603	DB00495
BRD-K29582115	DB00246
BRD-K19605405	DB08770
BRD-K46654563	DB13166
BRD-K84253429	DB00399
BRD-K54314721	DB00315
BRD-K81326768	DB04828
BRD-K48300629	DB00909
BRD-K47710001	DB08772
BRD-K70557564	DB06191
BRD-K46843573	DB15676
BRD-K64557645	DB09225
BRD-K63068307	DB12904
BRD-K28761384	DB01624
BRD-K62353271	DB08891
BRD-A34255068	DB03606
BRD-K89787693	DB05875
BRD-K37203094	DB09494
BRD-K03083257	DB11220
BRD-K41866823	DB11323
BRD-K07954936	DB03353
BRD-K56634222	DB15445
BRD-K44408410	DB02342
BRD-K89712525	DB08845
BRD-K57796080	DB04228
BRD-K00003517	DB13244
BRD-K66664625	DB04713
BRD-K73303757	DB15334
BRD-K41024817	DB14739
BRD-K51799616	DB13424
BRD-K87535339	DB04860
BRD-K57631554	DB00855
BRD-K86799112	DB12298
BRD-K24603946	DB15578
BRD-A73930134	DB02959
BRD-K00535541	DB11561
BRD-K57865272	DB14094
BRD-K17443395	DB01048
BRD-K77432251	DB06395
BRD-K00004730	DB15156
BRD-K11792081	DB15055
BRD-K00003394	DB14828
BRD-K53448858	DB04944
BRD-K92517771	DB15407
BRD-K00003255	DB15385
BRD-A29260609	DB01193
BRD-K47195926	DB04500
BRD-K44004064	DB13573
BRD-K13619941	DB04167
BRD-K99048103	DB13268
BRD-K46416130	DB09347
BRD-K31965398	DB11617
BRD-K00003303	DB13086
BRD-K66465025	DB02085
BRD-K34843150	DB15059
BRD-K00003220	DB15448
BRD-K32318651	DB00787
BRD-K00003499	DB14883
BRD-K77484724	DB13868
BRD-K96159438	DB00718
BRD-K00003302	DB11704
BRD-K82343404	DB13394
BRD-K00003330	DB04931
BRD-K23791635	DB12658
BRD-K37793595	DB13623
BRD-K32533226	DB05653
BRD-K96029467	DB12497
BRD-A33317514	DB01786
BRD-K00004718	DB05540
BRD-K68928792	DB06013
BRD-K75527158	DB00630
BRD-K00003135	DB12139
BRD-K86307448	DB00437
BRD-K84810405	DB06673
BRD-K00004697	DB06198
BRD-K52459643	DB00770
BRD-K00004605	DB14808
BRD-K50276048	DB11372
BRD-K67043667	DB00488
BRD-K41051431	DB01163
BRD-K00004966	DB11701
BRD-K64925568	DB15299
BRD-K27061362	DB15639
BRD-K00010385	DB15569
BRD-K12568846	DB01424
BRD-K80262108	DB11640
BRD-K73947551	DB01143
BRD-K88043978	DB00479
BRD-K24219278	DB04836
BRD-A69917777	DB15597
BRD-A68942014	DB05964
BRD-K83486494	DB13751
BRD-K91290917	DB00613
BRD-K55044200	DB01060
BRD-K92493880	DB02057
BRD-K24771047	DB06247
BRD-K68432770	DB00415
BRD-K47827687	DB00701
BRD-K21920947	DB12810
BRD-K77118600	DB06630
BRD-K62200014	DB00261
BRD-K01174345	DB06645
BRD-K00005346	DB05288
BRD-K92490248	DB13853
BRD-K00003560	DB00362
BRD-K04725460	DB11157
BRD-K28383148	DB04974
BRD-K20001883	DB12000
BRD-K91308639	DB11901
BRD-K00003492	DB15024
BRD-K25244359	DB14765
BRD-K96737756	DB04626
BRD-K52827117	DB00673
BRD-K55172746	DB12855
BRD-K00004646	DB11860
BRD-K73881242	DB13609
BRD-K00004574	DB14185
BRD-K60171656	DB14982
BRD-K96006160	DB13851
BRD-K54634444	DB09274
BRD-K89014967	DB14904
BRD-K27938825	DB06235
BRD-K00003456	DB12597
BRD-K35079116	DB14054
BRD-K00003138	DB12428
BRD-K78841970	DB00168
BRD-K51832961	DB06543
BRD-K87028197	DB11586
BRD-K58435339	DB06306
BRD-K09757388	DB01072
BRD-K44993696	DB13443
BRD-K00003342	DB12341
BRD-K39252998	DB11481
BRD-K38527262	DB05513
BRD-K45995181	DB00995
BRD-K00003601	DB09121
BRD-K00003256	DB15011
BRD-K00003419	DB15233
BRD-K67901620	DB06442
BRD-K85882401	DB09060
BRD-K00003294	DB15327
BRD-K00003224	DB12120
BRD-K53114651	DB01667
BRD-K45861246	DB11376
BRD-K41626799	DB14795
BRD-K00005264	DB14792
BRD-K58772419	DB14980
BRD-K00003398	DB15638
BRD-K47289408	DB15029
BRD-K13699028	DB12594
BRD-K73235735	DB15138
BRD-K31476763	DB11863
BRD-K25723200	DB08822
BRD-K60663764	DB01061
BRD-K62607865	DB00355
BRD-K01826724	DB12098
BRD-K47976015	DB12283
BRD-K00003496	DB15675
BRD-K00003495	DB13997
BRD-A17462676	DB01408
BRD-K69694239	DB05983
BRD-K78781788	DB09227
BRD-K00003221	DB11877
BRD-K00003148	DB12526
BRD-K00003128	DB12225
BRD-K44824027	DB09011
BRD-K90817094	DB08903
BRD-K73425385	DB13673
BRD-K00003160	DB12459
BRD-K14993104	DB13740
BRD-K85030058	DB09023
BRD-K17068645	DB06769
BRD-K19515365	DB13501
BRD-K97181463	DB09231
BRD-A61194565	DB12783
BRD-K56156805	DB11989
BRD-K55160477	DB11496
BRD-K59986511	DB09096
BRD-K28542495	DB09084
BRD-K98494274	DB06770
BRD-K23403298	DB11583
BRD-K55191674	DB01053
BRD-K47878171	DB13462
BRD-A91008255	DB01244
BRD-K12968785	DB12216
BRD-K10196357	DB06771
BRD-K74225533	DB06755
BRD-K39061174	DB01779
BRD-K12014493	DB04455
BRD-K00005349	DB14669
BRD-K00004680	DB12464
BRD-K16898998	DB06581
BRD-K00003246	DB12236
BRD-K00003247	DB11799
BRD-K18779551	DB13550
BRD-K51937257	DB11591
BRD-K39987650	DB09020
BRD-K65978409	DB13909
BRD-K80528473	DB01294
BRD-K00228584	DB11262
BRD-K73504359	DB00006
BRD-K00003203	DB12234
BRD-K43389698	DB05969
BRD-K00003168	DB12696
BRD-K97883416	DB14675
BRD-K13049116	DB15399
BRD-K12511835	DB12357
BRD-K29343434	DB12006
BRD-K00003189	DB12591
BRD-K00004586	DB14948
BRD-K00004591	DB15291
BRD-K00003423	DB15435
BRD-K00003110	DB15347
BRD-K00003418	DB14986
BRD-K00003111	DB15498
BRD-K60348325	DB11279
BRD-K00004672	DB12151
BRD-A63675168	DB03312
BRD-K76021681	DB13297
BRD-K47631482	DB09019
BRD-K33457401	DB13960
BRD-K17500877	DB04168
BRD-K79095980	DB12028
BRD-K23301018	DB13536
BRD-K24697665	DB12160
BRD-K01825692	DB13242
BRD-K18324993	DB13502
BRD-K19462402	DB13510
BRD-A36267905	DB06152
BRD-K23204545	DB01008
BRD-K99622919	DB11502
BRD-K27217864	DB11148
BRD-K08287586	DB14084
BRD-K28965160	DB13930
BRD-K00003548	DB08856
BRD-K54028654	DB12310
BRD-K76819217	DB11751
BRD-K00003370	DB11847
BRD-K01825581	DB11596
BRD-K43806473	DB13729
BRD-K10034334	DB01744
BRD-K00004669	DB06441
BRD-K80684056	DB12328
BRD-K00003188	DB15205
BRD-K35170555	DB04519
BRD-K59895502	DB11504
BRD-K75037734	DB00411
BRD-K94848716	DB11382
BRD-K21670884	DB06468
BRD-A96051074	DB11695
BRD-K70161083	DB13835
BRD-A42167015	DB00521
BRD-K71026158	DB13553
BRD-K58070273	DB15232
BRD-K48213016	DB11798
BRD-K65503129	DB07594
BRD-K20338176	DB00833
BRD-K63242551	DB01140
BRD-K27130738	DB01326
BRD-K17903788	DB14725
BRD-K27798832	DB13504
BRD-K71059170	DB00671
BRD-K00003661	DB00267
BRD-K48470486	DB00274
BRD-K77073709	DB09062
BRD-K22641081	DB13470
BRD-K34058848	DB01328
BRD-K02292852	DB01329
BRD-K37848908	DB00923
BRD-K78364995	DB00493
BRD-A78723049	DB01330
BRD-K02275692	DB00229
BRD-K70976396	DB01331
BRD-K92872987	DB00430
BRD-K24871708	DB01150
BRD-K13797099	DB01333
BRD-K11124378	DB01415
BRD-K82960980	DB11485
BRD-K04301924	DB01332
BRD-K00003117	DB04918
BRD-K96734425	DB01212
BRD-K02733959	DB01112
BRD-K00003204	DB06580
BRD-K00003248	DB12705
BRD-K00003181	DB11758
BRD-K00003249	DB06119
BRD-K00004588	DB14841
BRD-K20722021	DB15068
BRD-K90733503	DB00567
BRD-K28210218	DB00456
BRD-K49880111	DB01139
BRD-K52075040	DB01034
BRD-K47079459	DB01718
BRD-K87700323	DB11073
BRD-K48888725	DB12347
BRD-K02241333	DB06852
BRD-K29458283	DB00291
BRD-K93546328	DB14708
BRD-K33742430	DB14658
BRD-K25209357	DB07565
BRD-K89409436	DB05377
BRD-K52256627	DB00878
BRD-K61802864	DB13275
BRD-K60443845	DB13611
BRD-K39495750	DB11386
BRD-K17223896	DB11121
BRD-K39462424	DB13679
BRD-K36207157	DB01239
BRD-K90374350	DB13306
BRD-K01029106	DB11255
BRD-K22861715	DB15581
BRD-K58736316	DB14086
BRD-K96153583	DB00369
BRD-K00004595	DB15168
BRD-K00004667	DB05868
BRD-K72915123	DB13551
BRD-K00531707	DB13342
BRD-K46839850	DB12123
BRD-K26875402	DB14184
BRD-K07220430	DB00568
BRD-K14704277	DB00827
BRD-K17828029	DB15467
BRD-K27811785	DB12306
BRD-K04804440	DB00537
BRD-K17498618	DB00565
BRD-K00003202	DB15449
BRD-K76792669	DB04272
BRD-K94250879	DB00766
BRD-K17294426	DB13511
BRD-K00003562	DB06683
BRD-K56614220	DB00845
BRD-K02900412	DB13237
BRD-K15567837	DB13792
BRD-K00003529	DB09002
BRD-K17850764	DB11507
BRD-K97521363	DB11389
BRD-K10990317	DB13256
BRD-K01244426	DB01147
BRD-K37289225	DB00363
BRD-K75043328	DB09270
BRD-K61195623	DB14680
BRD-K65428967	DB12156
BRD-K00025572	DB14681
BRD-K41567533	DB11390
BRD-K00004719	DB12962
BRD-K00003360	DB14581
BRD-K56839624	DB12921
BRD-K13495773	DB11846
BRD-K42991124	DB13071
BRD-K00003129	DB12050
BRD-K56940914	DB01688
BRD-K97939847	DB13674
BRD-K00003162	DB12925
BRD-K57179821	DB00265
BRD-K33336844	DB15579
BRD-K00003324	DB00406
BRD-K90777969	DB06618
BRD-K81458380	DB15408
BRD-K00003404	DB15425
BRD-K71847383	DB02097
BRD-K64636206	DB14001
BRD-K20879694	DB08921
BRD-K38168441	DB14726
BRD-K57041787	DB06695
BRD-K35520305	DB00851
BRD-K82861010	DB09102
BRD-K42095107	DB13182
BRD-K35589454	DB11821
BRD-K45916615	DB11393
BRD-K08111240	DB11779
BRD-K10065684	DB04816
BRD-K00003611	DB00080
BRD-K19085898	DB06311
BRD-K82908348	DB14034
BRD-K02943813	DB09183
BRD-K00003142	DB12305
BRD-K00004661	DB06421
BRD-K17641316	DB11394
BRD-K97010173	DB01609
BRD-K09821361	DB00746
BRD-K90976994	DB11622
BRD-K90991629	DB11943
BRD-K17480742	DB11637
BRD-K00573984	DB13312
BRD-K00003468	DB05560
BRD-K00003363	DB13077
BRD-K24556098	DB06780
BRD-K33151569	DB13917
BRD-K68558722	DB11395
BRD-K00003310	DB14889
BRD-K00003134	DB11510
BRD-K77597856	DB11556
BRD-K47635719	DB14649
BRD-K01825503	DB14068
BRD-K71210479	DB09357
BRD-K51431759	DB01914
BRD-K68502831	DB12873
BRD-K48247567	DB00271
BRD-K48427910	DB13270
BRD-K79145749	DB13225
BRD-K73477617	DB13716
BRD-K62326629	DB11396
BRD-K23779958	DB11397
BRD-K05673000	DB00485
BRD-K99063460	DB00900
BRD-K45330754	DB00255
BRD-K94080537	DB11282
BRD-K96206066	DB13371
BRD-K73923631	DB11511
BRD-K18619710	DB03671
BRD-K97440753	DB13345
BRD-K01614093	DB15645
BRD-K18637542	DB01775
BRD-K36802417	DB12629
BRD-K48722258	DB13715
BRD-K00003459	DB12140
BRD-K10974103	DB14638
BRD-K29812331	DB13810
BRD-M98649031	DB00985
BRD-K73391359	DB13683
BRD-K93240442	DB11480
BRD-K22193694	DB11221
BRD-K11595419	DB11876
BRD-K93441486	DB13720
BRD-K51730347	DB12173
BRD-K12362304	DB14191
BRD-K47608922	DB13839
BRD-K87386013	DB14783
BRD-K05919151	DB13712
BRD-A78322124	DB00841
BRD-A14941520	DB14067
BRD-K30431096	DB11594
BRD-K00003581	DB11400
BRD-K00003231	DB12301
BRD-K85402309	DB05928
BRD-A44008656	DB00366
BRD-K00004636	DB15235
BRD-K94920105	DB07677
BRD-K83551379	DB12472
BRD-K35498911	DB12397
BRD-K00003172	DB12505
BRD-K00003258	DB15010
BRD-K00003432	DB15147
BRD-K00003259	DB05938
BRD-K86892782	DB13421
BRD-K55166090	DB13333
BRD-K00003295	DB06374
BRD-K09735259	DB11574
BRD-K00003225	DB12394
BRD-K59271229	DB06350
BRD-K39560679	DB09272
BRD-K54472332	DB09101
BRD-K97963946	DB15133
BRD-K00003226	DB12192
BRD-K03067624	DB13393
BRD-K00003290	DB12608
BRD-K61452026	DB00879
BRD-K66918327	DB12358
BRD-K76534306	DB11404
BRD-K08206212	DB00442
BRD-K79404599	DB06486
BRD-K79450420	DB11717
BRD-K98054437	DB15293
BRD-K00003130	DB11744
BRD-K27529556	DB03823
BRD-K64054020	DB01240
BRD-K11463116	DB06405
BRD-K03039262	DB04038
BRD-K00003156	DB08871
BRD-K79315489	DB04481
BRD-K00003374	DB15207
BRD-K51742987	DB13155
BRD-K00004741	DB06597
BRD-K00077635	DB14674
BRD-K84971356	DB13845
BRD-K71055333	DB13529
BRD-K96042922	DB12736
BRD-K10667240	DB13645
BRD-K93231391	DB00330
BRD-K38055836	DB08989
BRD-K88308881	DB13544
BRD-K33710385	DB00609
BRD-K02464583	DB13628
BRD-K82603084	DB00974
BRD-K00003207	DB06656
BRD-K50417881	DB15492
BRD-A09925278	DB08985
BRD-K90982969	DB06535
BRD-K00003139	DB14766
BRD-K49076555	DB00926
BRD-K00003405	DB15170
BRD-K00003250	DB12388
BRD-K74396648	DB15310
BRD-K37708699	DB06246
BRD-K41267922	DB06299
BRD-K45033733	DB00426
BRD-K00673382	DB00927
BRD-K00003507	DB15012
BRD-K59045783	DB05659
BRD-K04264130	DB12466
BRD-K18157228	DB12957
BRD-K51318897	DB11410
BRD-K25290930	DB14785
BRD-K41160163	DB12931
BRD-K77564118	DB13042
BRD-K26739552	DB08979
BRD-K67217586	DB11412
BRD-K16077845	DB13217
BRD-K00003232	DB12011
BRD-K37069697	DB12265
BRD-K00003287	DB15669
BRD-K07160047	DB12901
BRD-K00003591	DB08874
BRD-K37379014	DB06040
BRD-K16803204	DB14845
BRD-K98384930	DB09047
BRD-K37688416	DB13790
BRD-A09472452	DB01195
BRD-K61717546	DB04576
BRD-K11298197	DB11413
BRD-K27871792	DB00301
BRD-K99984802	DB11518
BRD-A31159102	DB00472
BRD-K14763542	DB08969
BRD-A00218260	DB13425
BRD-K53517854	DB00176
BRD-K00003513	DB00569
BRD-K55567017	DB15335
BRD-K16505263	DB06185
BRD-K59110290	DB01319
BRD-K23848629	DB06717
BRD-K85146014	DB00529
BRD-K81101512	DB00828
BRD-K27963513	DB13863
BRD-A33506612	DB14207
BRD-K00003191	DB11796
BRD-K68756823	DB07794
BRD-K00004702	DB11769
BRD-K00003314	DB13475
BRD-K78355918	DB02703
BRD-K00003392	DB15149
BRD-K62737565	DB00996
BRD-K00003579	DB06703
BRD-K38140108	DB00225
BRD-K25106841	DB00789
BRD-K00003270	DB11676
BRD-K77245796	DB02530
BRD-K18059238	DB13854
BRD-K22662435	DB01004
BRD-K38852836	DB12047
BRD-K77038618	DB06160
BRD-K00003420	DB15275
BRD-K00003309	DB15186
BRD-K46908090	DB11982
BRD-K00003101	DB14934
BRD-K00004589	DB15097
BRD-K00003182	DB12412
BRD-K33499285	DB12134
BRD-K02780233	DB12079
BRD-K97197005	DB06730
BRD-K00003326	DB14815
BRD-K00003260	DB13879
BRD-K00003288	DB06302
BRD-K00003380	DB12297
BRD-K60150658	DB03603
BRD-K69346723	DB00143
BRD-K00003520	DB08909
BRD-K24943235	DB11575
BRD-K68453341	DB05936
BRD-K15691453	DB06346
BRD-K00004689	DB15120
BRD-K00004614	DB15440
BRD-K00004711	DB12542
BRD-K00739965	DB13538
BRD-K00003187	DB11918
BRD-K62736196	DB00629
BRD-K67644125	DB02857
BRD-K01980392	DB08848
BRD-K33818169	DB03791
BRD-K65840970	DB12237
BRD-K13238168	DB00793
BRD-K74057164	DB13387
BRD-K00005353	DB00739
BRD-K73753850	DB06261
BRD-K70007857	DB14981
BRD-K74319597	DB14070
BRD-K00003389	DB12162
BRD-K50406511	DB14061
BRD-K82103381	DB01275
BRD-K99199077	DB14540
BRD-K00025601	DB14545
BRD-K65866076	DB15300
BRD-A99117172	DB01611
BRD-K44932450	DB14570
BRD-K62186992	DB14753
BRD-K44009692	DB11789
BRD-K29673530	DB13014
BRD-K00003408	DB12101
BRD-K14063023	DB14966
BRD-K63772874	DB06196
BRD-K00003415	DB08741
BRD-K76634210	DB00249
BRD-K55822903	DB12509
BRD-K76609936	DB11421
BRD-K23200955	DB01598
BRD-K74057757	DB06169
BRD-K80762071	DB09374
BRD-K93255255	DB12827
BRD-K11153516	DB13877
BRD-K79612754	DB04335
BRD-K82800842	DB08949
BRD-K30968378	DB05990
BRD-K43860855	DB06704
BRD-K75855670	DB09115
BRD-K75868704	DB08947
BRD-K98250023	DB09133
BRD-K84892605	DB12959
BRD-K79124250	DB09313
BRD-K66896231	DB13668
BRD-K93618743	DB13618
BRD-K74759733	DB13540
BRD-A94055480	DB07888
BRD-K29173907	DB14640
BRD-K37851352	DB11207
BRD-K13409143	DB13966
BRD-K73991644	DB12665
BRD-K47178855	DB09401
BRD-K64881305	DB06188
BRD-K95412502	DB06157
BRD-K77987496	DB15039
BRD-K93073858	DB14568
BRD-K78659596	DB09570
BRD-K00004699	DB13957
BRD-K00003209	DB12744
BRD-K70330032	DB15173
BRD-K00004575	DB15358
BRD-K00004600	DB15672
BRD-K08327065	DB01172
BRD-K29113274	DB05667
BRD-K61339991	DB13010
BRD-K65667145	DB11336
BRD-K00005245	DB13123
BRD-K29968218	DB06137
BRD-K25125382	DB00160
BRD-K06665116	DB00174
BRD-K00795468	DB00151
BRD-A25800195	DB02153
BRD-K99679910	DB00138
BRD-K62309135	DB00142
BRD-K83896451	DB00130
BRD-A12454076	DB08847
BRD-K20497775	DB02070
BRD-K12853841	DB00149
BRD-K86016185	DB00123
BRD-K06502269	DB00134
BRD-K01666412	DB00172
BRD-K92404805	DB02999
BRD-K04843140	DB12444
BRD-K75508643	DB00156
BRD-K40787673	DB12942
BRD-K77258318	DB00581
BRD-K02992638	DB00709
BRD-K00003387	DB14814
BRD-K00003462	DB14801
BRD-K00003469	DB05645
BRD-K48894757	DB11629
BRD-K36574127	DB14723
BRD-K10207760	DB11423
BRD-K00003178	DB11732
BRD-K05446112	DB09027
BRD-K00003269	DB12857
BRD-K03289534	DB11649
BRD-A27376179	DB06469
BRD-K94288301	DB12070
BRD-K45300898	DB00007
BRD-K00005329	DB09237
BRD-K27184429	DB06282
BRD-K34730807	DB01235
BRD-K01826479	DB01137
BRD-K62751771	DB13153
BRD-K00003132	DB14779
BRD-K00003504	DB15048
BRD-K62996583	DB13766
BRD-K00003275	DB14773
BRD-K60265345	DB11611
BRD-K49384696	DB01627
BRD-K08973992	DB14104
BRD-K59332007	DB13806
BRD-K89152108	DB00279
BRD-A05334458	DB12406
BRD-K59391348	DB06666
BRD-K08532119	DB14918
BRD-K66937583	DB06794
BRD-K82147103	DB13411
BRD-K62858456	DB14065
BRD-K66036108	DB12769
BRD-K99451608	DB01601
BRD-K28935038	DB00447
BRD-K00003137	DB12776
BRD-K39983086	DB14596
BRD-K00004675	DB15362
BRD-K00003300	DB12748
BRD-K71058253	DB08933
BRD-K00003211	DB12674
BRD-K93228461	DB13125
BRD-K16742848	DB00137
BRD-K05236810	DB15584
BRD-K34313798	DB06354
BRD-K04993719	DB12906
BRD-K37083340	DB11231
BRD-K39707084	DB12474
BRD-K94948151	DB14129
BRD-K16343284	DB14821
BRD-K00003328	DB15532
BRD-A91448670	DB02280
BRD-K57365211	DB06796
BRD-K30374899	DB00742
BRD-K71926323	DB11426
BRD-K59524082	DB06234
BRD-K76594255	DB11427
BRD-K71035033	DB11526
BRD-K00003497	DB14921
BRD-K00003237	DB12875
BRD-K47318833	DB06272
BRD-K92758126	DB07814
BRD-K29713308	DB13808
BRD-A20119038	DB00657
BRD-K25075681	DB06455
BRD-K10314788	DB13758
BRD-K94072573	DB14078
BRD-K18749874	DB13313
BRD-K87827419	DB01042
BRD-K75864342	DB12148
BRD-A11662333	DB13733
BRD-K18207669	DB09383
BRD-K69726595	DB12045
BRD-K01612348	DB00760
BRD-K49954789	DB09110
BRD-K28580965	DB11256
BRD-K76812510	DB04817
BRD-K47323024	DB04819
BRD-K30114692	DB06799
BRD-K34388247	DB01603
BRD-K34591242	DB11495
BRD-A39189014	DB00723
BRD-K79277568	DB06328
BRD-K10132944	DB13882
BRD-K10103010	DB09543
BRD-K00003518	DB13181
BRD-K48578705	DB00968
BRD-K78321730	DB14212
BRD-K24452555	DB14643
BRD-K00003673	DB14644
BRD-K11900042	DB13644
BRD-K58265391	DB13284
BRD-K83766205	DB00765
BRD-K99241550	DB09346
BRD-A19661776	DB06148
BRD-K40407248	DB01141
BRD-K18552138	DB13274
BRD-K00003406	DB15257
BRD-K67642028	DB01055
BRD-K89337853	DB06548
BRD-K00003434	DB13087
BRD-K82967685	DB11792
BRD-K00003484	DB11825
BRD-K59670716	DB00305
BRD-K91405252	DB05939
BRD-K18850819	DB12852
BRD-K00003304	DB15028
BRD-K00003194	DB12897
BRD-K73877023	DB14935
BRD-K43410529	DB15266
BRD-K01291782	DB15642
BRD-K60640630	DB14512
BRD-K55375480	DB11430
BRD-K00004695	DB14219
BRD-K38938675	DB09285
BRD-K88786763	DB13597
BRD-K99616396	DB05575
BRD-K12742203	DB12251
BRD-K00003660	DB11431
BRD-K66615216	DB00218
BRD-K81144366	DB09205
BRD-K57416838	DB13993
BRD-K15262564	DB00410
BRD-A24857382	DB11102
BRD-K64191834	DB14200
BRD-K82236108	DB11278
BRD-K52732207	DB12521
BRD-K97360717	DB14202
BRD-K74141488	DB00735
BRD-K89272869	DB13471
BRD-K47886988	DB00779
BRD-K68407436	DB06230
BRD-K64114733	DB12036
BRD-K90563805	DB00826
BRD-K00004647	DB12716
BRD-K00003466	DB12555
BRD-K00003505	DB15031
BRD-K79989959	DB07238
BRD-K00003604	DB00955
BRD-K11256763	DB13441
BRD-K76600340	DB04145
BRD-K47407372	DB13407
BRD-K68188368	DB13855
BRD-K91544578	DB13655
BRD-K00003331	DB13068
BRD-K79145628	DB12172
BRD-K53123955	DB13661
BRD-K56707426	DB11437
BRD-K96471533	DB00507
BRD-K47887731	DB11438
BRD-K01109406	DB08307
BRD-K76927775	DB00698
BRD-K79092138	DB00336
BRD-K84011460	DB13546
BRD-K79424231	DB13921
BRD-K83699324	DB15110
BRD-K36636143	DB12912
BRD-K27351809	DB13981
BRD-K05907307	DB11324
BRD-K88625236	DB06804
BRD-K07625016	DB14678
BRD-A00758722	DB09371
BRD-K11196887	DB01059
BRD-K89237706	DB06174
BRD-K85307935	DB01051
BRD-K75506300	DB05695
BRD-K48692744	DB02690
BRD-K36998189	DB14026
BRD-K33588785	DB13750
BRD-K00003399	DB06229
BRD-K92524032	DB15644
BRD-K92581468	DB06529
BRD-K04568635	DB12624
BRD-A14240607	DB13251
BRD-K92303087	DB12375
BRD-K00003164	DB05779
BRD-K18895904	DB00334
BRD-K02113016	DB09074
BRD-K98006098	DB12843
BRD-K00004611	DB12642
BRD-K11072003	DB09296
BRD-K00003267	DB12882
BRD-K31139048	DB08887
BRD-K58529924	DB14844
BRD-K00003197	DB15227
BRD-K00004708	DB15353
BRD-K66192203	DB11632
BRD-K43786866	DB12930
BRD-K91438851	DB11991
BRD-K63001556	DB11443
BRD-K00003704	DB04911
BRD-K00004639	DB13310
BRD-K93767137	DB02600
BRD-K00003210	DB11837
BRD-K85337334	DB13500
BRD-K43471985	DB15189
BRD-K65230684	DB13363
BRD-K96786677	DB00713
BRD-K66019333	DB13670
BRD-K17977438	DB04822
BRD-K56940463	DB12532
BRD-K56104152	DB00239
BRD-K42596464	DB13216
BRD-K73394555	DB13627
BRD-K31468676	DB03209
BRD-K73027814	DB13398
BRD-A14208071	DB00219
BRD-K31841515	DB05262
BRD-K00003184	DB12924
BRD-K92991072	DB13048
BRD-K00003493	DB14977
BRD-K68805147	DB06532
BRD-K12047401	DB05668
BRD-K91356052	DB04257
BRD-K68095457	DB14043
BRD-K00003461	DB14769
BRD-K68764924	DB11190
BRD-K29392254	DB01783
BRD-K00003371	DB13118
BRD-K40992116	DB13154
BRD-K89920762	DB09297
BRD-K36524108	DB01421
BRD-K00004594	DB14867
BRD-K98548675	DB13063
BRD-K00003170	DB11692
BRD-K66412701	DB11774
BRD-K00003391	DB15447
BRD-K00004615	DB05565
BRD-K00003213	DB13000
BRD-K55034111	DB00487
BRD-K08799216	DB05524
BRD-K00003251	DB15212
BRD-K32842773	DB00642
BRD-K47780086	DB00299
BRD-K15409150	DB13791
BRD-K01825697	DB00859
BRD-K43966364	DB00417
BRD-K40621224	DB14007
BRD-K57718010	DB13415
BRD-K00519864	DB06614
BRD-K92988025	DB05791
BRD-A13323580	DB15289
BRD-K92731339	DB00790
BRD-K00768353	DB14213
BRD-K61691541	DB12005
BRD-K50031829	DB11953
BRD-K27755542	DB15009
BRD-K00004635	DB12675
BRD-K00003145	DB14856
BRD-K00002423	DB12096
BRD-K00003097	DB14885
BRD-K02554563	DB14870
BRD-K00004644	DB15221
BRD-K00004638	DB12269
BRD-K00003279	DB11683
BRD-K00004712	DB12106
BRD-K00003311	DB14768
BRD-K00003296	DB15143
BRD-K47084954	DB14924
BRD-K00004598	DB15105
BRD-K00004633	DB11645
BRD-K03063480	DB12611
BRD-K79892937	DB13212
BRD-K59597909	DB11447
BRD-A67799922	DB00925
BRD-K22009844	DB13354
BRD-K73157543	DB06807
BRD-K44091963	DB11071
BRD-K02729857	DB11115
BRD-K42371134	DB02192
BRD-K00405906	DB12944
BRD-K64659768	DB13248
BRD-K05048137	DB14119
BRD-K62374002	DB14846
BRD-K67277431	DB13327
BRD-K44442813	DB11364
BRD-K49456274	DB11772
BRD-K00003280	DB14943
BRD-K88090157	DB13292
BRD-K00003127	DB14974
BRD-K87873585	DB12969
BRD-K08999871	DB13823
BRD-K86873305	DB00319
BRD-K27382019	DB13941
BRD-K76452401	DB09350
BRD-K15656090	DB00236
BRD-K19456237	DB09210
BRD-K22261391	DB08012
BRD-K37682401	DB13744
BRD-K21673112	DB11642
BRD-K32791151	DB01604
BRD-K27625831	DB05105
BRD-K99498722	DB05992
BRD-A20781140	DB00135
BRD-K35798650	DB06811
BRD-K58497451	DB02362
BRD-K00003119	DB15550
BRD-K84281997	DB00733
BRD-K21123171	DB13247
BRD-K46523383	DB09345
BRD-A78391468	DB14633
BRD-K00003654	DB14631
BRD-K45906612	DB12165
BRD-K17565903	DB13642
BRD-K00003473	DB11947
BRD-K87316765	DB06832
BRD-K00003122	DB05100
BRD-K01662324	DB06649
BRD-K25204779	DB11844
BRD-K13032584	DB01168
BRD-K92413528	DB12224
BRD-K28183345	DB01131
BRD-A46335897	DB01069
BRD-K56276053	DB13255
BRD-K59273480	DB06479
BRD-K76867903	DB09348
BRD-K18250272	DB09342
BRD-A10070317	DB00571
BRD-A19232309	DB02159
BRD-K60783397	DB14177
BRD-K06520168	DB13524
BRD-K54339150	DB13649
BRD-K00005354	DB13307
BRD-K97863768	DB12667
BRD-K25835157	DB15499
BRD-K00003192	DB12211
BRD-K89048337	DB12290
BRD-K20672254	DB11156
BRD-K96669468	DB11673
BRD-K36116267	DB13331
BRD-K82181219	DB13084
BRD-K73132780	DB12975
BRD-K00003463	DB14993
BRD-K42317111	DB14217
BRD-K51885093	DB01796
BRD-K00004710	DB06518
BRD-K86687746	DB12382
BRD-K01826765	DB13762
BRD-K00003169	DB13939
BRD-K84683831	DB12339
BRD-K00005328	DB12260
BRD-K00004716	DB12323
BRD-K93123848	DB05984
BRD-K00003227	DB12462
BRD-K05658747	DB06817
BRD-K08151102	DB00293
BRD-K89348303	DB00178
BRD-K85046107	DB09290
BRD-K02206208	DB11801
BRD-K86309810	DB15281
BRD-K03503561	DB06440
BRD-K85751432	DB06309
BRD-K96720755	DB13929
BRD-K63018010	DB12377
BRD-K00003216	DB11853
BRD-K00004584	DB14869
BRD-K61567297	DB05943
BRD-K76210423	DB06530
BRD-K00003123	DB12914
BRD-K85603128	DB15480
BRD-K00003118	DB14898
BRD-K33082088	DB01256
BRD-K00003198	DB11855
BRD-K13178532	DB14793
BRD-K49313711	DB14704
BRD-K74227494	DB14727
BRD-K77897005	DB15308
BRD-K00004676	DB05119
BRD-K00004645	DB12861
BRD-K00005241	DB14840
BRD-K00003506	DB15305
BRD-K00003471	DB12063
BRD-K00003149	DB12721
BRD-K82804538	DB15254
BRD-K26169680	DB06538
BRD-K00003358	DB15078
BRD-K00003175	DB09291
BRD-K00003283	DB13080
BRD-K03384561	DB11366
BRD-K33623053	DB11182
BRD-K36163066	DB14214
BRD-K00003494	DB13012
BRD-K49841478	DB00817
BRD-K22685337	DB11458
BRD-K30159788	DB15197
BRD-K85285268	DB11479
BRD-K79821389	DB06159
BRD-K27677357	DB11829
BRD-K62374253	DB13772
BRD-K00003475	DB12149
BRD-K63123526	DB02216
BRD-K59527975	DB04370
BRD-K00003252	DB14127
BRD-K81130846	DB08797
BRD-K23414042	DB11544
BRD-K00005247	DB15246
BRD-K00003214	DB06365
BRD-K36859431	DB00360
BRD-K08525451	DB11491
BRD-K51263939	DB12519
BRD-K24201553	DB13988
BRD-K00003485	DB14822
BRD-K40797222	DB15446
BRD-K76365178	DB14059
BRD-K00003093	DB07943
BRD-K74227499	DB12697
BRD-K91733562	DB12179
BRD-K00003150	DB14583
BRD-K00003284	DB12390
BRD-K00003549	DB11459
BRD-K74664543	DB11142
BRD-K00003228	DB12706
BRD-K00003441	DB14896
BRD-K00003274	DB14916
BRD-K21295289	DB06280
BRD-K28456624	DB04258
BRD-K38580127	DB08839
BRD-K19477839	DB06314
BRD-K79759585	DB00203
BRD-K68379918	DB05245
BRD-K00003334	DB09142
BRD-K51333959	DB06555
BRD-A68997559	DB12604
BRD-K79402892	DB14038
BRD-K00003238	DB15036
BRD-K34798115	DB12659
BRD-K00003173	DB11965
BRD-K71512533	DB06134
BRD-K00003174	DB12677
BRD-K58262380	DB13315
BRD-K93201765	DB13180
BRD-K77251551	DB09268
BRD-K00026984	DB08934
BRD-K00004608	DB12355
BRD-K00004707	DB14754
BRD-K66035042	DB01638
BRD-A33168282	DB00489
BRD-K07612980	DB01208
BRD-K00003253	DB12548
BRD-K86872788	DB06727
BRD-K11905747	DB00919
BRD-K00003215	DB06461
BRD-K00004684	DB12223
BRD-K41783120	DB05611
BRD-K93880783	DB00649
BRD-K07166362	DB01082
BRD-K32730239	DB15624
BRD-K45238818	DB00139
BRD-K01950558	DB13580
BRD-K00004582	DB06494
BRD-K44133266	DB09324
BRD-K72384124	DB13671
BRD-K12539416	DB13416
BRD-K59983611	DB09355
BRD-K21520694	DB00634
BRD-K32021043	DB11461
BRD-K32273377	DB00359
BRD-K55250441	DB01299
BRD-K50859149	DB00263
BRD-K45086103	DB13726
BRD-K93524252	DB01581
BRD-K87492696	DB06821
BRD-K11640013	DB01582
BRD-K31682896	DB00576
BRD-K28494619	DB01015
BRD-K00938507	DB13773
BRD-K17205817	DB00664
BRD-K19742012	DB08798
BRD-K76845197	DB11463
BRD-K41406082	DB00891
BRD-K71133585	DB11464
BRD-K14705039	DB06147
BRD-K00003125	DB15106
BRD-K52416806	DB13283
BRD-K84810336	DB14033
BRD-K38602774	DB11185
BRD-K00004713	DB15284
BRD-K71125014	DB06150
BRD-K00004694	DB12127
BRD-K30485548	DB06477
BRD-K86670086	DB11905
BRD-K78815826	DB13232
BRD-K00003402	DB15033
BRD-K73237276	DB13689
BRD-K57155378	DB14774
BRD-K00003376	DB15013
BRD-K37419961	DB06182
BRD-K95142244	DB11760
BRD-K00004651	DB12287
BRD-K00003498	DB06083
BRD-K35169477	DB06624
BRD-K22227508	DB11815
BRD-K09353376	DB06240
BRD-K36474365	DB09459
BRD-K42495768	DB11941
BRD-K51474575	DB01956
BRD-K98765504	DB12473
BRD-K76713213	DB09041
BRD-K00003254	DB12441
BRD-K14312455	DB01606
BRD-K00003308	DB12895
BRD-K48195801	DB06457
BRD-K24312986	DB12020
BRD-K59436580	DB14569
BRD-K89121095	DB09042
BRD-K88743730	DB01079
BRD-K26701552	DB11852
BRD-K84564571	DB15393
BRD-K15976406	DB01265
BRD-K94559059	DB12095
BRD-K51805276	DB12231
BRD-K00005242	DB15151
BRD-K00003263	DB15295
BRD-K00003201	DB11761
BRD-K15891719	DB14126
BRD-K89714990	DB11466
BRD-K86204871	DB00251
BRD-A89207210	DB13399
BRD-A36978621	DB02031
BRD-K36889451	DB14178
BRD-K08078237	DB14066
BRD-K97101532	DB11712
BRD-K64785675	DB05552
BRD-K52579889	DB14989
BRD-K20958582	DB06091
BRD-K79711234	DB08621
BRD-A84481105	DB00679
BRD-K29254801	DB13245
BRD-K13387373	DB09552
BRD-K88405679	DB11235
BRD-K77695569	DB00730
BRD-K29229654	DB01607
BRD-K89125793	DB00911
BRD-K84313779	DB13001
BRD-K41876534	DB13343
BRD-K00004627	DB12435
BRD-K11973162	DB09343
BRD-K75250001	DB13635
BRD-K92968657	DB04858
BRD-K51087630	DB12209
BRD-K49659468	DB11822
BRD-K05619559	DB00684
BRD-K50133271	DB09216
BRD-K44273375	DB00525
BRD-K82687598	DB13429
BRD-K00003361	DB15219
BRD-K36970462	DB06578
BRD-K30480208	DB00214
BRD-K26420709	DB13916
BRD-K84034737	DB15187
BRD-K00003313	DB05109
BRD-K00004698	DB13122
BRD-K00003222	DB12580
BRD-K82234479	DB06527
BRD-K26222048	DB04746
BRD-K00003217	DB05974
BRD-K36407194	DB15323
BRD-K20902145	DB11678
BRD-K37543758	DB13311
BRD-K71879491	DB00755
BRD-K38969488	DB12709
BRD-K24790130	DB12176
BRD-K46435528	DB13323
BRD-K00004666	DB14636
BRD-K25029121	DB11155
BRD-K00003412	DB15442
BRD-K54790157	DB04571
BRD-K00003124	DB06333
BRD-K83502127	DB05633
BRD-K73529671	DB13124
BRD-K35626314	DB14881
BRD-K83776863	DB00150
BRD-K95216408	DB06334
BRD-K36040345	DB11720
BRD-K64414150	DB08803
BRD-K19189338	DB11117
BRD-K00003286	DB15091
BRD-K00003218	DB13052
BRD-K10180294	DB00791
BRD-K24297741	DB04827
BRD-K18323388	DB09144
BRD-K00003383	DB15464
BRD-K45245728	DB08834
BRD-K68185022	DB15588
BRD-K00003306	DB12107
BRD-K00003407	DB12255
BRD-K46435977	DB00577
BRD-K00003233	DB11915
BRD-K54698528	DB04165
BRD-K32804101	DB06657
BRD-K91065602	DB00512
BRD-K33510429	DB15589
BRD-K00003445	DB11929
BRD-K13926615	DB00862
BRD-K00003235	DB12170
BRD-K00003133	DB11613
BRD-K38548312	DB07495
BRD-K36201510	DB12996
BRD-K47929404	DB15250
BRD-K00004674	DB12207
BRD-K00004612	DB12440
BRD-K00003234	DB15456
BRD-K00003229	DB12285
BRD-K42673188	DB05585
BRD-K00003180	DB12512
BRD-K84748119	DB06652
BRD-K40227168	DB13793
BRD-K12251893	DB00541
BRD-K04269837	DB00361
BRD-K56565215	DB06625
BRD-K00003141	DB11706
BRD-K00003472	DB11693
BRD-K53963539	DB09068
BRD-K00004725	DB15157
BRD-K43639297	DB14975
BRD-K09877029	DB15273
BRD-K25991148	DB14055
BRD-K88358234	DB06393
BRD-A59337442	DB13781
BRD-K72815923	DB15357
BRD-K27393415	DB13803
BRD-K00003558	DB12981
BRD-K21565985	DB11477
BRD-K10759144	DB09419
BRD-K85925969	DB00943
BRD-K00003413	DB15035
BRD-K90033078	DB11337
BRD-K31553034	DB06629
BRD-K46914825	DB04832
BRD-K00003431	DB15403
BRD-K67525671	DB12393
BRD-K00003264	DB12817
BRD-K45125084	DB13593
BRD-K35984734	DB12621
BRD-K00003448	DB15490
BRD-K27853494	DB00397
BRD-K00003190	DB12168
BRD-A23124853	DB12130
BRD-K70610771	DB11954
BRD-K83988098	DB12442
BRD-K27352494	DB00681
BRD-K68075732	DB06987
BRD-K74501079	DB00207
BRD-K61295575	DB01944
BRD-K01826567	DB13679
BRD-K69172251	DB00515
BRD-K23586533	DB01190
BRD-K52756523	DB00954
BRD-A29349577	DB12472
BRD-K48935217	DB03010
BRD-K00003319	DB00093
BRD-A86044036	DB05289
BRD-K51956333	DB09333
BRD-K00003705	DB01321
BRD-K09471561	DB01137
BRD-K99879819	DB12130
BRD-A07600638	DB13092
BRD-K01826559	DB00595
BRD-K17518951	DB00859
BRD-K92107055	DB00337
BRD-K67100011	DB01605
BRD-K53484294	DB01220
BRD-A62336573	DB01301
BRD-K00003298	DB11700
BRD-K71772032	DB12604
BRD-K32256160	DB09308
BRD-K81473043	DB05134
BRD-K73451719	DB02638
BRD-K43977121	DB11996
BRD-K38310698	DB13179
